Ma_BDS,Ngay_dang,Dia_chi,Dien_tich_su_dung,Dien_tich_dat,So_phong_ngu,So_nha_tam,Phap_ly,Gioi_thieu,Gia_dat
22697918,04/08/2025,"Lê Văn Lương, Xã Phước Kiển, Huyện Nhà Bè, TPHCM",,90 m2 (5x18),4,4,Sổ hồng,"💠 Diện tích: 5m x 18m💠 Kết cấu: 1 trệt, 3 lầu + sân thượng, gồm 4PN – 4WC💠 Thiết kế hiện đại, không gian thoáng, ánh sáng tự nhiên.🚗 Vị trí mặt tiền đường số, khu dân cư đông đúc – thuận tiện ở, kinh doanh online, mở văn phòng, spa, lớp học hoặc cho thuê nguyên căn.📍 Liền kề Phú Mỹ Hưng – chỉ 5-7 phút di chuyển về Quận 7, Nguyễn Hữu Thọ, Lotte Mart, Crescent Mall.💡 Khu dân trí cao, hạ tầng hoàn chỉnh, tiện ích xung quanh đầy đủ.📑 Sổ hồng riêng, hỗ trợ sang tên nhanh gọn💰 Giá bán hấp dẫn nhất khu vực – cam kết sinh lời cao cho nhà đầu tư📞 Gọi ngay để xem nhà thực tế – không xem là tiếc!",8 tỷ 700 triệu
22698728,04/08/2025,"Đào Tông Nguyên, Thị Trấn Nhà Bè, Huyện Nhà Bè, TPHCM",150 m2,"50 m2 (4x12,5)",4,5,Sổ hồng,"🔥🔥🔥 Nhà phố 4 tầng mới xây dựng đẹp hẻm 71 Đào Tông Nguyên Thị trấn Nhà bè. Hẻm thông KDBB, khu dân trí. 6,3 tỷ.💥💥💥 DT đất 4*12,5 xd trệt 3 lầu. Mới xd và hoàn công xong. Vừa ở vừa KDBB. Nội thất xịn xò. Hẻm thông xe hơi tránh nhau.💥💥💥 Giá 6,3 tỷ còn thương lượng. Vui lòng liên hệ với Ms Huệ 0914993620 nhé quý khách thân mến. Cảm ơn cả nhà đã quan tâm.",6 tỷ 300 triệu
22685038,04/08/2025,"Lê Văn Lương, Xã Phước Kiển, Huyện Nhà Bè, TPHCM",1100 m2,250 m2 (10x25),50,50,Sổ hồng,"🔥🔥🔥Toà nhà hầm và 7 tầng KDC Làng Đại Học, Phước Kiển, Nhà Bè | CHO THUÊ 200TR/TH - 30,5 TỶ. 10m *25m. Cạnh Phú Mỹ Hưng và dự án GS Metro.👉Diện tích: 10x25m (CN: 250m2).👉KC: hầm + 07 Tầng👉Sổ hồng hoàn công hơn 1000 m2 DT sàn. 💸Cho thuê : 200tr/tháng . Bán giá 30,5 tỷ.           💥💥💥Vui lòng liên hệ với Ms Huệ 0914993620 nhé quý khách thân mến. Cảm ơn cả nhà đã quan tâm.—————————",30 tỷ 500 triệu
22665484,24/02/2025,"Nguyễn Văn Tạo, Xã Long Thới, Huyện Nhà Bè, TPHCM",,86 m2 (4x20),4,3,Sổ hồng,"🏡 Diện tích: 3,98x21m (nở hậu 4,5m)🏠 Kết cấu: 1 trệt, 2 lầu, 4PN, 3WC, sân trước đậu ô tô, nhà thoáng mát, giếng trời lấy sáng tự nhiên.🚗 Vị trí đắc địa: Hẻm xe hơi 5m, ngay KCN Hiệp Phước, gần KCN Long Hậu, chợ, trường học, tiện ích đầy đủ.📜 Pháp lý: Sổ hồng riêng, hoàn công đầy đủ, hỗ trợ vay ngân hàng.💰 Giá chỉ 4,2 tỷ – Nhà đẹp, mua vào ở ngay!📞 Liên hệ ngay: [0913610191] để xem nhà!",4 tỷ 200 triệu
22614260,08/12/2024,"Huỳnh Tấn Phát, Thị Trấn Nhà Bè, Huyện Nhà Bè, TPHCM",320 m2,88 m2 (4x22),5,5,Sổ hồng,"🌹Xây dựng 4 Tầng ghồm Gara xe hơi - phòng khách- phòng ăn - bếp - 4 phòng ngủ rộng- sân thượng trước sau - 5 WC,,🌹Nhà thiết kế hiện đại - trang bị đầy đủ nội thất sang xịn - Salon - bàn ăn - tủ lạnh side by side - bếp từ- lò nướng- máy rửa bát. Nội thất phòng ngủ cao cấp âm tường - phòng thay đồ hiện đại - 2 sân thượng trước sau rộng rãi bày 10 bàn tiệc.,,Giếng trời trước sau và cầu thang rất thoáng. ,,🌹Đường vào nhà xe hơi tránh. Vị trí ngay sát Q7 qua PMH chỉ 5phút. Tiện ích vô vàn.Khu dân cư cao tầng đồng bộ, an ninh hàng xóm dân trí cao,🌹Sổ hồng riêng - Hoàn công đủ gần 300m2 diện tích sàn ,,🌹Chủ nhà hỗ trợ vay bank cho khách nếu cần - Nhà trống giao ngay,",6 tỷ 800 triệu
22595902,08/07/2024,"Huỳnh Tấn Phát, Thị Trấn Nhà Bè, Huyện Nhà Bè, TPHCM",,"66 m2 (4,7x14)",5,5,Sổ hồng,"✔️Diện tích: 4,7*14m✔️ Kết cấu:  1 trệt 3 lầu  BTCT, 5PN, 5WC, 1 phòng thờ, 1 phòng giặt, 1 phòng đa năng✔️ Nhà mới ở ngay tặng toàn bộ nội thất cao cấp xịn sò✔️ Đường nhựa 6m, khu đồng bộ an ninh, yên tỉnh, dân trí cao, vỉa hè cây xanh - NƠI LÝ TƯỞNG ĐÁNG ĐỂ SỐNG✔️ Sổ hồng riêng, hoàn công đầy đủ, hỗ trợ ngân hàng☎️Xem nhà đẹp liên Hệ Mr Đỗ 096.770.2287 - Chuyên nhà phố Quận 7, Nhà Bè 👉 Cʜᴜyên nhậɴ ᴋí ɢửi muᴀ ʙán nhà đấᴛ #quận7, #ɴʜàbè",6 tỷ 200 triệu
22539573,17/04/2024,"Huỳnh Tấn Phát, Thị Trấn Nhà Bè, Huyện Nhà Bè, TPHCM",162 m2,"54 m2 (4,5x12)",4,4,Sổ hồng,"BÁN NHÀ HẺM XE HƠI 1806 HUỲNH TẤN PHÁT, GÍA 5,3 TỶ - CÁCH PHÚ MỸ HƯNG 10 PHÚT - Diện tích: 4,5m x 12m.- Kết Cấu: 1Trệt, 2Lầu, Sân thượng, 4Phòng Ngủ, 3WC, Phòng thờ.- Khu dân cư hiện hữu, an ninh, dân trí cao, nhà cao tầng đồng bộ.- Pháp lý: sổ hồng riêng, hoàn công đầy đủ. Hỗ trợ vay ngân hàng 70% (lãi suất tốt)- Giá cực tốt: 5 tỷ 300 triệu (thương lượng và làm việc chính chủ)",5 tỷ 300 triệu
22478964,12/03/2024,"Đào Tông Nguyên, Xã Phú Xuân, Huyện Nhà Bè, TPHCM",260 m2,"81 m2 (6x13,5)",4,5,Sổ hồng,"Chính chủ đứng bán nhà đường xe hơi Đào Tông Nguyên, Phú Xuân nhà BèNhà 1 trệt 3 lầu, ngang 6 dài 13.5, tổng diện tích 81m2. Sổ hồng giấy tờ nghiêm chỉnh.4 phòng ngủ, 5 nhà vệ sinh, 1 phòng dùng làm phòng thờ hay xem phim đều đẹp, sân vườn lầu thượng trước sau. Tặng nội thất , chỉ cần xách vào ở, phong thuỷ tốt, có nắng có gió, cây trái nở hoa quanh năm , hướng Đông Bắc không bị nóng. Nhà xây đẹp, nhiều tài lộc, xe hơi đậu trong nhà. Cảm ơn anh chị xem tin. Gía bán 7 tỷ 690 , có thương lượng cho người thiện chí.Anh Tươi 0908645966",7 tỷ 690 triệu
22496084,09/03/2024,"Huỳnh Tấn Phát, Thị Trấn Nhà Bè, Huyện Nhà Bè, TPHCM",150 m2,"55 m2 (4,4x12)",4,5,Sổ hồng,"HOT HÒN HỌT NHÉ PÀ KON!!!Hiện tại Huệ chọn lựa được 2 căn nhà ở Thị trấn Nhà bè vị trí rất đẹp và giá cực kỳ tốt, cạnh Quận 7. Khu dân trí cao xây dựng đồng bộ, đẹp tuyệt vời. 1) Nhà 4 tầng, DT 4,4*12, đường nhựa 12 m. 4 PN, 5 WC, sân thượng trước sau, phòng thờ, giếng trời rất thoáng sáng mát mẻ. Hẻm 1806 HTP Thị trấn Nhà bè. 2) Căn góc 2 mặt hẻm hơn 6 m, hẻm thông rộng, đông đúc, kdbb tốt, thoáng mát tuyệt vời. Mới xây 4 tầng. DT 8*9,6.Cả hai căn số hồng vuông đẹp, pháp lý chuẩn, hoàn công đầy đủ. Giá 5,5 tỷ. Vui lòng liên hệ với Ms Huệ 0914993620.",5 tỷ 500 triệu
22492931,06/03/2024,"Huỳnh Tấn Phát, Thị Trấn Nhà Bè, Huyện Nhà Bè, TPHCM",170 m2,"55 m2 (4,5x12)",4,5,Sổ hồng,"Nhà phố 4 tầng mới đẹp lung linh, đường nhựa hiện hữu 12 m, Huỳnh Tấn Phát Thị trấn Nhà bè. Ngang 4,5 m, dài 12 m, 4 PN, phòng thờ, sân thượng...Khu vực dân trí cao, lịch sự. Giá yêu thương chỉ 5,5 tỷ. Nhà đất Công Thanh hân hạnh được phục vụ. Tư vấn về pháp lý, quy hoạch, vay vốn ngân hàng. Hỗ trợ làm hồ sơ đăng bộ, xin GPXD, điện, nước...cho khách hàng.Quý khách hãy liên hệ với Huệ qua số điện thoại 0914993620 nhé.Cám ơn quý khách đã xem tin. Chúc quý khách tìm được sản phẩm bất động sản ưng ý.    0914993620",5 tỷ 500 triệu
22489850,03/03/2024,"Huỳnh Tấn Phát, Thị Trấn Nhà Bè, Huyện Nhà Bè, TPHCM",200 m2,105 m2 (5x21),3,2,Sổ hồng,"BÁN NHÀ DT 10x32.5m MẶT TIỀN HUỲNH TẤN PHÁT QUẬN 7. - DT: 10x32.5m. CN: 271m²- Cấu trúc: nhà cấp 4- Mặt tiền Khu đông đúc, KDMB sầm uất. gần KCX, Ngã tư Nguyễn Thị Thập, bệnh viện, chợ. siêu thị đầy đủ.- Thích hợp kinh doanh mọi ngành nghề- Pháp lý: SH riêng- Giá bán: 55.5 tỷ ( TL ) hoabtvs Nhà đất Công Thanh hân hạnh được phục vụ. Tư vấn về pháp lý, quy hoạch, vay vốn ngân hàng. Hỗ trợ làm hồ sơ đăng bộ, xin GPXD, điện, nước...cho khách hàng.Quý khách hãy liên hệ với Huệ qua số điện thoại 0914993620 nhé.Cám ơn quý khách đã xem tin. Chúc quý khách tìm được sản phẩm bất động sản ưng ý",6 tỷ 200 triệu
22487112,29/02/2024,"Huỳnh Tấn Phát, Xã Phú Xuân, Huyện Nhà Bè, TPHCM",250 m2,100 m2 (5x20),4,5,Sổ hồng,"Nhà phố mới đẹp 4 tầng, hẻm xe hơi 6 m, hẻm thẳng 1/ cách mặt tiền đường Huỳnh Tấn Phát 50 m. Khu dân trí cao, xây dựng cao tầng đồng bộ rất đẹp và lịch sự. DT 5*20= 100 m2 thổ cư. Thiết kế trệt 3 lầu, 4 PN, phòng thờ, 5 WC. Sân trước đậu xe hơi, sân sau thoáng sáng rực rỡ. Sân thượng tha hồ thiết kế giàn trồng cây cảnh và rau sạch ăn quanh năm. Nhà mới tinh tính tình chưa bóc tem. Thiết kế hiện đại, tinh tế, khoa học.Giá rất mềm mại chỉ 7,5 tỷ còn tặng nhiều nội thất xịn xò. TkdcHao. Nhà đất Công Thanh hân hạnh được phục vụ. Tư vấn về pháp lý, quy hoạch, vay vốn ngân hàng. Hỗ trợ làm hồ sơ đăng bộ, xin GPXD, điện, nước...cho khách hàng.Quý khách hãy liên hệ với Huệ qua số điện thoại 0914993620 nhé.Cám ơn quý khách đã xem tin. Chúc quý khách tìm được sản phẩm bất động sản ưng ý.    0914993620",7 tỷ 500 triệu
22484594,26/02/2024,"Huỳnh Tấn Phát, Thị Trấn Nhà Bè, Huyện Nhà Bè, TPHCM",300 m2,115 m2 (5x23),4,4,Sổ hồng,"Nhà mới đẹp loá mắt, diện tích rộng hơn 100 m2 đất ở đô thị. Ngang rộng, hẻm lớn, khu dân trí, lịch sự. Địa chỉ 1/ đường Huỳnh Tấn Phát. Cách cầu Phú Xuân hơn 1 km.               Giá cực kỳ rẻ chỉ hơn 7 tỷ đồng là đã được sở hữu căn nhà trong mơ, có gara xe hơi và hòn non bộ, đất sau nhà và sân thượng trồng rau sạch ăn quanh năm.        Nhà đất Công Thanh hân hạnh được phục vụ. Tư vấn về pháp lý, quy hoạch, vay vốn ngân hàng. Hỗ trợ làm hồ sơ đăng bộ, xin GPXD, điện, nước...cho khách hàng.Quý khách hãy liên hệ với Huệ qua số điện thoại 0914993620 nhé.Cám ơn quý khách đã xem tin. Chúc quý khách tìm được sản phẩm bất động sản ưng ý.",4 tỷ 370 triệu
22479908,18/02/2024,"Huỳnh Tấn Phát, Xã Phú Xuân, Huyện Nhà Bè, TPHCM",120 m2,120 m2 (6x20),5,5,Sổ hồng,"Dãy trọ DIỆN TÍCH ĐẸP - GIÁ SIÊU RẺ CHỈ 35.5Triệu/M2 - BÁN ĐẤT ĐƯỜNG XE HƠI 16M KDC COTEC NHÀ BÈ. DT: 6 x 20 M, GIÁ 4.25TỶ, SỔ HỒNG RIÊNG..........- Diện tích: 6 x 20 m. - Đường nhựa 16m xe hơi quay đầu thoải mái.- Khu dân cư kế bên sông thoáng mát, rộng rãi, nằm sau lưng UBND huyện nhà bè. Gần trung tâm hành chánh huyện với rất nhiều tiện ích và tièm năng phát triẻn.- Sổ hồng riêng, đang vay bank 3.5tỷ- Giá cực tốt chốt bán: 4.25tỷ. Tặng thêm dãy trọ có gác xd chắc chắn đang cho thuê. Nhà đất Công Thanh hân hạnh được phục vụ. Tư vấn về pháp lý, quy hoạch, vay vốn ngân hàng. Hỗ trợ làm hồ sơ đăng bộ, xin GPXD, điện, nước...cho khách hàng.Quý khách hãy liên hệ với Huệ qua số điện thoại 0914993620 nhé.Cám ơn quý khách đã xem tin. Chúc quý khách tìm được sản phẩm bất động sản ưng ý.",4 tỷ 250 triệu
22473320,20/01/2024,"Huỳnh Tấn Phát, Thị Trấn Nhà Bè, Huyện Nhà Bè, TPHCM",150 m2,51 m2 (4x13),4,3,Sổ hồng,"NHÀ HẺM 2279 HUỲNH TẤN PHÁT_TT . NHÀ BÈ- Giá bán : 5,1tỷ.- Diện tích: 4m x 12.5m- Kết cấu: 1 trệt 2 lầu - Thiết kế: phòng khách, bếp , 4 phòng ngủ , cửa phụ hẻm hông nhà thoáng mát.( Hẻm nội bộ ko lo lộ giới hẻm hông). Xe hơi tới tận nơi.- Nhà được trang bị full nội thất cao cấp - Vị trí: hai mặt tiền đường hẻm 7m ( tên đường mới Nguyễn Thị Hương ) ngay trung tâm thị trấn Nhà Bè, cách cầu Phú Xuân 700m, gần chợ, trường học, ngân hàng Agribank …- Pháp lý: Sổ hồng riêng hoàn công - Hổ trợ khách mua nhà vay ngân hàng______________________________Nhà đất Công Thanh hân hạnh được phục vụ. Tư vấn về pháp lý, quy hoạch, vay vốn ngân hàng. Hỗ trợ làm hồ sơ đăng bộ, xin GPXD, điện, nước...cho khách hàng.Quý khách hãy liên hệ với Huệ qua số điện thoại 0914993620 nhé.Cám ơn quý khách đã xem tin. Chúc quý khách tìm được sản phẩm bất động sản ưng ý.",5 tỷ 100 triệu
22470418,16/01/2024,"Huỳnh Tấn Phát, Thị Trấn Nhà Bè, Huyện Nhà Bè, TPHCM",150 m2,50 m2 (4x13),4,5,Sổ hồng,"BÁN NHÀ MẶT TIỀN BP 2279 HUỲNH TẤN PHÁT_TT . NHÀ BÈ- Giá bán : 5,8 tỷ ( thương lượng )- Diện tích: 4m x 13m- Kết cấu: 1 trệt 2 lầu - Thiết kế: ôtô đậu trong nhà , phòng khách, bếp , 4 phòng ngủ, 5 tollet bố trí riêng biệt từng phòng, phòng thờ , sân thượng trước - Nhà được trang bị full nội thất cao cấp - Vị trí: mặt tiền đường BP 12m ( tên mới Nguyễn Thị Hương ) ngay trung tâm thị trấn Nhà Bè, cách cầu Phú Xuân 700m, gần chợ, trường học, ngân hàng Agribank …- Pháp lý: Sổ hồng riêng hoàn công - Hổ trợ khách mua nhà vay ngân hàng______________________________Nhà đất Công Thanh hân hạnh được phục vụ. Tư vấn về pháp lý, quy hoạch, vay vốn ngân hàng. Hỗ trợ làm hồ sơ đăng bộ, xin GPXD, điện, nước...cho khách hàng.Quý khách hãy liên hệ với Huệ qua số điện thoại 0914993620 nhé.Cám ơn quý khách đã xem tin. Chúc quý khách tìm được sản phẩm bất động sản ưng ý",5 tỷ 800 triệu
22469468,15/01/2024,"Đào Tông Nguyên, Xã Phú Xuân, Huyện Nhà Bè, TPHCM",250 m2,"80 m2 (5,3x15)",4,5,Sổ hồng,"Nhà đẹp giá rẻ nhất khu vực đây ạNhà bán Đường Đào tông nguyên- (KDC VIP  Ômêly )  Diện tích : 5,3m - 15m - 2lầu - sân thượngGồm: 4PN rộng - 5tolet - phòng thờNhà mới leng keng- chỉ việc dọn vao ởKhu nhà đồng bộ toàn nhà cao tầng An ninh sạch đẹp- gần trường học - St ..vv100% đường trước nhà ko ngập nướcGiá : 6tỷ680triệu ( bớt lộc ) Hỗ trợ khách vay bank 80% khi cần. Besale. Nhà đất Công Thanh hân hạnh được phục vụ. Tư vấn về pháp lý, quy hoạch, vay vốn ngân hàng. Hỗ trợ làm hồ sơ đăng bộ, xin GPXD, điện, nước...cho khách hàng.Quý khách hãy liên hệ với Huệ qua số điện thoại 0914993620 nhé.Cám ơn quý khách đã xem tin. Chúc quý khách tìm được sản phẩm bất động sản ưng ý",6 tỷ 680 triệu
22466082,10/01/2024,"Huỳnh Tấn Phát, Thị Trấn Nhà Bè, Huyện Nhà Bè, TPHCM",150 m2,"50 m2 (4x12,5)",4,4,Sổ hồng,"NHÀ HẺM 2279 HUỲNH TẤN PHÁT_TT . NHÀ BÈ- Giá bán : 5,1tỷ.- Diện tích: 4m x 12.5m- Kết cấu: 1 trệt 2 lầu - Thiết kế: phòng khách, bếp , 4 phòng ngủ , cửa phụ hẻm hông nhà thoáng mát.( Hẻm nội bộ ko lo lộ giới hẻm hông). Xe hơi tới tận nơi.- Nhà được trang bị full nội thất cao cấp - Vị trí: hai mặt tiền đường hẻm 7m ( tên đường mới Nguyễn Thị Hương ) ngay trung tâm thị trấn Nhà Bè, cách cầu Phú Xuân 700m, gần chợ, trường học, ngân hàng Agribank …- Pháp lý: Sổ hồng riêng hoàn công - Hổ trợ khách mua nhà vay ngân hàng______________________________Nhà đất Công Thanh hân hạnh được phục vụ. Tư vấn về pháp lý, quy hoạch, vay vốn ngân hàng. Hỗ trợ làm hồ sơ đăng bộ, xin GPXD, điện, nước...cho khách hàng.Quý khách hãy liên hệ với Huệ qua số điện thoại 0914993620 nhé.Cám ơn quý khách đã xem tin. Chúc quý khách tìm được sản phẩm bất động sản ưng ý.",5 tỷ 100 triệu
22465624,10/01/2024,"Đào Tông Nguyên, Xã Phú Xuân, Huyện Nhà Bè, TPHCM",250 m2,"80 m2 (6x13,5)",4,5,Sổ hồng,"NHÀ PHỐ HIỆN ĐẠI 04 TẦNG, DT 6 x 13.5 , GIÁ 6tỷ 600TRIỆU. - 𝐏𝐡𝐚́𝐩 𝐥𝐲́: Nhà phố sổ hồng riêng thửa riêng biệt, hoàn công đầy đủ, pháp lý minh bạch và rõ ràng.- Diện tích 6 x 13.5 , trệt 32 lầu sân thượng, 04 phòng, 05 nhà vệ sinh. Nội thất CAO CẤP thiết kế hiện đại và tinh tế, gỗ thương hiệu cao cấp. Có gara xe hơi vào nhà. Sân thượng rộng rãi phù hợp trồng cây xanh, làm sân vườn. Tặng nội thất khách vào ở liền như sofa, bàn ăn, giường tủ……🛑 𝐏𝐡𝐨𝐧𝐠 𝐭𝐡𝐮𝐲̉: Hướng Đông Bắc, hợp với khách mệnh Tây Tứ Trạch ( hướng Tây, Tây Nam, Đông Bắc, Tây Bắc).🛑 𝐓𝐢𝐞̣̂𝐧 𝐢́𝐜𝐡 𝐱𝐮𝐧𝐠 𝐪𝐮𝐚𝐧𝐡: Gần trường học, siêu thị, cách Phú Mỹ Hưng chỉ vài phút đi xe máy. Khu dân cư trình độ dân trí cao, xung quanh có nhiều cây xanh đi bộ tập thể dục.-𝐕𝐢̣ 𝐭𝐫𝐢́: KDC Ômely. Đào tông nguyên, Huỳnh Tấn Phát, Nhà Bè* Giá 6,6 tỷ.Nhà đất Công Thanh hân hạnh được phục vụ. Tư vấn về pháp lý, quy hoạch, vay vốn ngân hàng. Hỗ trợ làm hồ sơ đăng bộ, xin GPXD, điện, nước...cho khách hàng.Quý khách hãy liên hệ với Huệ qua số điện thoại 0914993620 nhé.Cám ơn quý khách đã xem tin. Chúc quý khách tìm được sản phẩm bất động sản ưng ý.",6 tỷ 600 triệu
22423136,21/12/2023,"Huỳnh Tấn Phát, Thị Trấn Nhà Bè, Huyện Nhà Bè, TPHCM","76,6 m2","44,8 m2 (3,5x13)",2,2,Sổ hồng,"Thân gởi ACE căn Nhà Phố SHR Hẻm 1886/78/54 Huỳnh Tấn Phát Kp6 TT Nhà Bè. - ( Nhà Cách Huỳnh Tấn Phát 50m ) gần trường học .siêu thị . Đi Phú Mỹ Hưng chỉ 5 phút hẻm cao ráo ko ngập nước sổ hồng riêng hỗ trợ khách vay ngân hàng khi khách có nhu cầu ( nhà hướng Tây Bắc )- Dt 3,5x 13 m gồm 1 Trệt - 1 Lầu đúc - 2Pn - 2Wc - Full tặng nội thất y hình - Giá: 3ty750 tr thương lượng Liên hệ: 0907265259(Duy)",3 tỷ 750 triệu
22425433,20/12/2023,"Huỳnh Tấn Phát, Thị Trấn Nhà Bè, Huyện Nhà Bè, TPHCM",,"39 m2 (3,5x11)",2,2,Sổ hồng,"Nhà xinh lung linh 1 lầu hẻm 1942 Huỳnh Tấn Phát, Thị trấn Nhà Bè- Diện tích: 3.5x11m.- Kết cấu: Trệt 1 Lầu, 2PN, 2WC.- Nhà mới đẹp, thiết kế hiện đại, xách vali vào ở liền.- Hẻm xe ba gác, xe hơi đậu cách nhà 5m, KDC an ninh, yên tĩnh.- Gần chợ Phú Xuân, trường học các cấp, siêu thị, ngân hàng,...- Pháp lý: Sổ hồng riêng, hoàn công đầy đủ.=================================CÔNG TY BẤT ĐỘNG SẢN PEARL LAND- Giá bán: 3.35 Tỷ- Liên hệ: 0971.737.786 (Mr.Hiếu)- chúc quý cô chú anh chị sớm tìm cho mình được ngôi nhà như ý-CHÂN THÀNH- TẬN TÂM-UY TÍN",3 tỷ 350 triệu
22425258,20/12/2023,"Lê Văn Lương, Xã Nhơn Đức, Huyện Nhà Bè, TPHCM",,101 m2 (7x14),4,5,Sổ hồng,"𝐂𝐀̆𝐍 𝐆𝐎́𝐂 𝟒 𝐋𝐀̂̀𝐔 𝐒𝐓 𝐌𝐎̛́𝐈 𝟏𝟎𝟎% Đ𝐔̛𝐎̛̀𝐍𝐆 𝐍𝐇𝐔̛̣𝐀 𝟏𝟎𝐌 𝐊𝐃𝐂 𝐍𝐇𝐎̛𝐍 Đ𝐔̛́𝐂, 𝐍𝐇𝐀̀ 𝐁𝐄̀----------------------- 🔸  Giá bán: 5.7 Tỷ- Diện tích: 7x14m, NH 7.6m.- Kết cấu: Trệt, Lửng, 3 Lầu, ST trước sau, 4PN, 5WC.- Nhà xây mới 100%, thiết kế hiện đại, sang trọng, vào ở liền.- Căn góc 2 mặt tiền, đường nội bộ 10m thông thoáng, cạnh công viên.- Liền kề làng Đại học, cách PMH chỉ 5km, đầy đủ tiện ích.- Pháp lý: Sổ hồng riêng.==========================CÔNG TY BẤT ĐỘNG SẢN PEARL LAND  🔸  Liên hệ: 0971.737.786 🔸chúc quý cô chú anh chị sớm tìm cho mình được ngôi nhà như ý 🔸  CHÂN THÀNH -TẬN TÂM-UY TÍN",5 tỷ 700 triệu
22390256,16/12/2023,"Huỳnh Thị Đồng, Thị Trấn Nhà Bè, Huyện Nhà Bè, TPHCM",240 m2,60 m2 (5x12),4,5,Sổ hồng,"- Nhà hẻm nhựa 10m 1979( Đầu hẻm là Ủy Ban Thị Trấn) Huỳnh Tấn Phát, TT Nhà Bè, TPHCM.- Diện tích 5m x 12m, trệt 2 lầu sân thượng, nhà xây kiên cố, phong cách Châu Âu.- Gồm 4pn, 5wc, phòng khách, bếp, phòng thờ, giếng trời, sân thượng trước sau.- Chủ nhà tự thiết kế xây nên căn nhà cực kì chắn chắn và chi li từng chi tiết một.- Nhà hẻm vip nhất thị trấn, đầu hẻm là Ủy Ban, Công An Thị Trấn.- Vài bước đến chợ Phú Xuân, vài phút xe máy là đến trung tâm Phú Mỹ Hưng.- Thuận tiện lưu thông Huỳnh Tấn Phát, Phạm Hữu Lầu, Hoàng Quốc Việt, Nguyễn Lương Bằng.- Chủ nhà định cư nước ngoài cần bán gấp.- Giá còn thương lượng mạnh",5 tỷ 800 triệu
22392249,16/12/2023,"Huỳnh Tấn Phát, Thị Trấn Nhà Bè, Huyện Nhà Bè, TPHCM",180 m2,60 m2 (5x12),4,4,Sổ hồng,"- Nhà hẻm xe hơi Huỳnh Tấn Phát, trung tâm thị trấn Nhà Bè TPHCM.- Diện tích 5m x 12m. Một trệt 2 lầu, mới xây kiên cố để ở lâu dài.- Gồm 4pn, 4wc, phòng khách, bếp, giếng trời, lan can.- Hẻm xe hơi 6m. sạch, sẽ cao ráo, không ngập nước.- Khu dân cư hiện hữu, nhà cao tầng động bộ, dân trí cao, hàng xóm thân thiện.- Kế bên Phú Mỹ Hưng, chợ Phú Xuân nên tiện ích đầy đủ.- Thuận tiện lưu thông Phạm Hữu Lầu, Hoàng Quốc Việt, Huỳnh Thị Đồng..- Sổ hồng riêng, pháp lý chuẩn. Vay thoải mái.- Giá còn thương lượng mạnh.",4 tỷ 500 triệu
22398639,02/12/2023,"Đào Tông Nguyên, Thị Trấn Nhà Bè, Huyện Nhà Bè, TPHCM",200 m2,65 m2 (4x17),4,5,Sổ hồng,"GIẢM 600 TRIỆU💰GIÁ chỉ còn 6,2 TỶ⭐️ NHÀ PHỐ 𝐌𝐚̣̆𝐭 𝐓𝐢𝐞̂̀𝐧 𝐇𝐞̉𝐦 🚗 𝟔𝟕 Đ𝐚̀𝐨 𝐓𝐨̂𝐧𝐠 𝐍𝐠𝐮𝐲𝐞̂𝐧, 𝐓𝐡𝐢̣ 𝐓𝐫𝐚̂́𝐧 𝐍𝐡𝐚̀ 𝐁𝐞̀ - KDC đẹp, xây dựng đồng bộ. Hẻm thông, có sân đậu xe hơi. - Diện tích: 4m x 17m.- Kết cấu: 1 Trệt, 1 Lửng, 2 Lầu, 5 PN, 5 WC. - Vị trí: Hẻm 6m trải nhựa có lề, hẻm thông, xe hơi tận nơi. Xung quanh đầy đủ tiện ích, gần trường học, siêu thị, ngân hàng,...- Hướng: Đông Bắc🎁 TẶNG FULL NỘI THẤT📚 Pháp lý: sổ hồng riêng, hoàn công đầy đủ. Hỗ trợ vay ngân hàng 70% (lãi suất tốt)💰 Giá cực tốt: GIẢM 600tr giá chỉ còn 6,2 tỷ. Nhà đất Công Thanh hân hạnh được phục vụ. Tư vấn về pháp lý, quy hoạch, vay vốn ngân hàng. Hỗ trợ làm hồ sơ đăng bộ, xin GPXD, điện, nước...cho khách hàng.Quý khách hãy liên hệ với Huệ qua số điện thoại 0914993620 nhé.Cám ơn quý khách đã xem tin. Chúc quý khách tìm được sản phẩm bất động sản ưng ý.",6 tỷ 200 triệu
22398656,02/12/2023,"Huỳnh Thị Đồng, Thị Trấn Nhà Bè, Huyện Nhà Bè, TPHCM",270 m2,93 m2 (5x19),5,5,Sổ hồng,"NHÀ PHỐ ĐẸP, ĐƯỜNG 9 M  KHU VIP NHẤT THỊ TRẤN NHÀ BÈ 1979 HTP.  GIÁ RẺ HƠN KHU ANH TUẤN PHÚ XUÂN. ▪Diện tích: 5*19m. Sổ vuông đẹp. ▪Kết cấu 3 tầng + sân thượng chuồng cu.▪Với 5 phòng ngủ rất rộng có 7 tolet riêng từng phòng, 1 phòng thờ.▪︎Hẻm nhựa 9m xe hơi tận nhà, dân trí cao, an ninh, hàng xóm thân thiện, tiện ích xung quanh đầy đủ như gần trường học, phòng gym, hồ bơi, UB Thị trấn, Công an, phòng công chứng, hệ thống các ngân hàng, chợ...Khu dân cư hiện hữu, sung túc, lịch sự. Sát cạnh Quận 7.▪Sổ hồng riêng hoàn công, hỗ trợ trợ vay ngân hàng.  Giá 8,2 tỷ.=============================Nhà đất Công Thanh hân hạnh được phục vụ. Tư vấn về pháp lý, quy hoạch, vay vốn ngân hàng. Hỗ trợ làm hồ sơ đăng bộ, xin GPXD, điện, nước...cho khách hàng.Quý khách hãy liên hệ với Huệ qua số điện thoại 0914993620 nhé.Cám ơn quý khách đã xem tin. Chúc quý khách tìm được sản phẩm bất động sản ưng ý.",8 tỷ 200 triệu
22411573,02/12/2023,"Huỳnh Tấn Phát, Xã Phú Xuân, Huyện Nhà Bè, TPHCM",300 m2,"100 m2 (4,5x25)",4,5,Sổ hồng,"Nhà phố hiện đại 4 tầng lô nhì Huỳnh Tấn Phát. 9,2 tỷ.Ngày đăng: 18/11/2023BÁN NHÀ PHỐ HIỆN ĐẠI GẦN MẶT TIỀN HUỲNH TẤN PHÁT - Giá bán : 9,2tỷ - Diện tích: ngang 4,5m x dài 25m- Kết cấu: 1 trệt 2 lầu, tum sân thượng - Thiết kế: sân đậu ôtô , phòng khách, bếp, sân sau , 4 phòng ngủ, 5 tollet bố trí riêng biệt từng phòng, phòng thờ , sân thượng trước sau .- Nhà được trang bị full nội thất cao cấp- Vị trí : lô nhì mặt tiền Huỳnh Tấn Phát NBè , sát bên Phú Mỹ Hưng 2 - Pháp lý: Sổ hồng riêng hoàn công- Hổ trợ khách mua nhà vay ngân hàng______________________________Nhà đất Công Thanh hân hạnh được phục vụ. Tư vấn về pháp lý, quy hoạch, vay vốn ngân hàng. Hỗ trợ làm hồ sơ đăng bộ, xin GPXD, điện, nước...cho khách hàng.Quý khách hãy liên hệ với Huệ qua số điện thoại nhé.Cám ơn quý khách đã xem tin. Chúc quý khách tìm được sản phẩm bất động sản ưng ý",9 tỷ 200 triệu
22305388,01/12/2023,"Lê Văn Lương, Xã Phước Kiển, Huyện Nhà Bè, TPHCM",,80 m2 (5x16),4,4,Hợp đồng mua bán,"KẸT TIỀN, BÁN LỖ NHÀ PHỐ ELITE LIFE+ Nhà phố, diện tích đất: 5m x 16m = 80m2+ Xây dựng 1 trệt 2 lầu=>>  Cần tiền ra gấp, giá chỉ 3,2 tỷ. Đường nội bộ 16m=>> Căn mặt tiền, đường trục chính của dự án, giá 4,2 tỷ.Ms Hạnh 0932157795 Uy tín, chuyên nghiệp.------------------------------------------Tên thương mại: Khu đô thị Elite LifeChủ đầu tư: Công ty Cổ phần Đầu tư Thương mại Dịch vụ Tân Thái ThịnhPhát triển dự án: Đất Xanh Nam BộVị trí: mặt tiền đường ấp 3 Long Hậu, Long Hậu, Cần Giuộc, Long An (liền kề bên Khu đô thị T&T Long Hậu), Giáp ranh Nhà Bè, TPHCM. Đi vào trung tâm quận 1 khoảng 15 km, tuyến đường Lê Văn Lương, Nguyễn Hữu Thọ thông thoáng.----------------------------------Quy mô dự án: 5,3 haSản phẩm: Nhà phố xây sẵn, biệt thự vườnTổng sản phẩm: 310 cănThiết kế nhà phố: 1 trệt + 2 lầuTiêu chuẩn bàn giao: hoàn thiện ngoài thô bên trongThời gian bàn giao: Năm 2022------------------------------------Quý khách nhận thông tin chi tiết, đi xem nhà thực tế, liên hệ:Ms Hạnh 0932157795 Uy tín, chuyên nghiệp.",3 tỷ 200 triệu
22398596,11/11/2023,"Nguyễn Bình, Xã Phú Xuân, Huyện Nhà Bè, TPHCM",,"99 m2 (5,5x18)",3,1,Sổ hồng,"+ Diện tích:5.5m x 18m.Nhà có bề ngang lớn. Diện tích 99m2.+ Nhà 1 trệt, 1 gác. 3 phòng ngủ rộng. Phòng khách, bếp.+ Hẻm rộng. Xe 7 chỗ tới nhà.+ Pháp lý chuẩn.Sổ đẹp, vuông vức.Sang tên ngay.+ LH 0708312708 Vinh chuyên nguồn nhà tốt.(có nguồn nhà tốt trong Zalo).",3 tỷ
22397148,10/11/2023,"Lê Văn Lương, Xã Nhơn Đức, Huyện Nhà Bè, TPHCM",,81 m2 (5x16),3,1,Sổ hồng,"+ Diện tích: 5m x 16m.+ Nhà cấp 4, sân rộng rãi, khu vực mát mẻ, sông nước và cây xanh, môi trường sống trong lành, đi qua trung tâm quận 7 chỉ 5 đến 10 phút đi xe.+ Đường trước cửa hơn 6m, xe ô tô tránh nhau thoải mái.+ Sổ đẹp, hoàn công đầy đủ.+ LH 0708312708 Vinh chuyên nguồn nhà tốt.(có nguồn nhà tốt trong Zalo).",2 tỷ 600 triệu
22383124,29/10/2023,"Huỳnh Thị Đồng, Thị Trấn Nhà Bè, Huyện Nhà Bè, TPHCM",300 m2,93 m2 (5x19),5,5,Sổ hồng,"NHÀ PHỐ ĐẸP, ĐƯỜNG 9 M  KHU VIP NHẤT THỊ TRẤN NHÀ BÈ 1979 HTP.  GIÁ RẺ HƠN KHU ANH TUẤN PHÚ XUÂN. ▪Diện tích: 5*19m. Sổ vuông đẹp. ▪Kết cấu 3 tầng + sân thượng chuồng cu.▪Với 5 phòng ngủ rất rộng có 7 tolet riêng từng phòng, 1 phòng thờ.▪︎Hẻm nhựa 9m xe hơi tận nhà, dân trí cao, an ninh, hàng xóm thân thiện, tiện ích xung quanh đầy đủ như gần trường học, phòng gym, hồ bơi, UB Thị trấn, Công an, phòng công chứng, hệ thống các ngân hàng, chợ...Khu dân cư hiện hữu, sung túc, lịch sự. Sát cạnh Quận 7.▪Sổ hồng riêng hoàn công, hỗ trợ trợ vay ngân hàng=============================Nhà đất Công Thanh hân hạnh được phục vụ. Tư vấn về pháp lý, quy hoạch, vay vốn ngân hàng. Hỗ trợ làm hồ sơ đăng bộ, xin GPXD, điện, nước...cho khách hàng.Quý khách hãy liên hệ với Huệ qua số điện thoại 0914993620 nhé.Cám ơn quý khách đã xem tin. Chúc quý khách tìm được sản phẩm bất động sản ưng ý.",8 tỷ 200 triệu
22382568,28/10/2023,"Huỳnh Thị Đồng, Thị Trấn Nhà Bè, Huyện Nhà Bè, TPHCM",300 m2,93 m2 (5x19),5,6,Sổ hồng,"NHÀ PHỐ ĐẸP, ĐƯỜNG 9 M  KHU VIP NHẤT THỊ TRẤN NHÀ BÈ 1979 HTP.  GIÁ RẺ HƠN KHU ANH TUẤN PHÚ XUÂN. ▪Diện tích: 5*19m. Sổ vuông đẹp. ▪Kết cấu 3 tầng + sân thượng chuồng cu.▪Với 5 phòng ngủ rất rộng có 7 tolet riêng từng phòng, 1 phòng thờ.▪︎Hẻm nhựa 9m xe hơi tận nhà, dân trí cao, an ninh, hàng xóm thân thiện, tiện ích xung quanh đầy đủ như gần trường học, phòng gym, hồ bơi, UB Thị trấn, Công an, phòng công chứng, hệ thống các ngân hàng, chợ...Khu dân cư hiện hữu, sung túc, lịch sự. Sát cạnh Quận 7.▪Sổ hồng riêng hoàn công, hỗ trợ trợ vay ngân hàng. Giá 8,2 tỷ.=============================Nhà đất Công Thanh hân hạnh được phục vụ. Tư vấn về pháp lý, quy hoạch, vay vốn ngân hàng. Hỗ trợ làm hồ sơ đăng bộ, xin GPXD, điện, nước...cho khách hàng.Quý khách hãy liên hệ với Huệ qua số điện thoại 0914993620 nhé.Cám ơn quý khách đã xem tin. Chúc quý khách tìm được sản phẩm bất động sản ưng ý.",8 tỷ 200 triệu
22382502,28/10/2023,"Đào Tông Nguyên, Thị Trấn Nhà Bè, Huyện Nhà Bè, TPHCM",200 m2,68 m2 (4x17),4,5,Sổ hồng,"GIẢM 600 TRIỆU💰GIÁ chỉ còn 6,2 TỶ⭐️ NHÀ PHỐ 𝐌𝐚̣̆𝐭 𝐓𝐢𝐞̂̀𝐧 𝐇𝐞̉𝐦 🚗 𝟔𝟕 Đ𝐚̀𝐨 𝐓𝐨̂𝐧𝐠 𝐍𝐠𝐮𝐲𝐞̂𝐧, 𝐓𝐡𝐢̣ 𝐓𝐫𝐚̂́𝐧 𝐍𝐡𝐚̀ 𝐁𝐞̀ - KDC đẹp, xây dựng đồng bộ. Hẻm thông, có sân đậu xe hơi. - Diện tích: 4m x 17m.- Kết cấu: 1 Trệt, 1 Lửng, 2 Lầu, 5 PN, 5 WC. - Vị trí: Hẻm 6m trải nhựa có lề, hẻm thông, xe hơi tận nơi. Xung quanh đầy đủ tiện ích, gần trường học, siêu thị, ngân hàng,...- Hướng: Đông Bắc🎁 TẶNG FULL NỘI THẤT📚 Pháp lý: sổ hồng riêng, hoàn công đầy đủ. Hỗ trợ vay ngân hàng 70% (lãi suất tốt)💰 Giá cực tốt: GIẢM 600tr giá chỉ còn 6,2 tỷ. Nhà đất Công Thanh hân hạnh được phục vụ. Tư vấn về pháp lý, quy hoạch, vay vốn ngân hàng. Hỗ trợ làm hồ sơ đăng bộ, xin GPXD, điện, nước...cho khách hàng.Quý khách hãy liên hệ với Huệ qua số điện thoại 0914993620 nhé.Cám ơn quý khách đã xem tin. Chúc quý khách tìm được sản phẩm bất động sản ưng ý.",6 tỷ 200 triệu
22357432,12/10/2023,"845 Nguyễn Bình, Xã Nhơn Đức, Huyện Nhà Bè, TPHCM",200 m2,80 m2 (6x15),5,4,Sổ hồng,"Cần bán gấp nhà shr 2 lầu sân thượng kiêng cốCó sân trước rộng rãi đậu xe hơi xe máy thoải máiKhu vực đông đúc và đang có dự án sắp mở và trường cấp 1 2 3 đại học đang mở rộng trên địa bàn xã, huyệnCách đường chính vào 200m và khu yên tĩnh thoáng mátGiá bán có thể bớt khi xem nhà trực tiếp",7 tỷ 200 triệu
22357439,12/10/2023,"845 Nguyễn Bình, Xã Nhơn Đức, Huyện Nhà Bè, TPHCM",200 m2,80 m2 (5x14),3,3,Sổ hồng,Cần bán gấp nhà shr nhà đẹp ngoài mong đợiTặng nội thất thiết kế gổ cho nhà thêm xinh tươiNhà 3 phòng ngủ 3 WC nhà có sân trước với sân sau rộng rãi đậu xe hơi xe máy thoải máiGiá bán có bớt khi xem nhà trực tiếp,6 tỷ 500 triệu
22358254,10/10/2023,"Huỳnh Thị Đồng, Xã Phú Xuân, Huyện Nhà Bè, TPHCM",240 m2,"60 m2 (4,6x13)",4,5,Sổ hồng,"💎Siêu phẩm đẳng cấp - hiện đại💎 Nhà SHR Huỳnh Thị Đồng, Nhà BèGiá : 6,5 Tỷ Thương lượngDiện tích: 4,6 x 13Nhà 3 tầng + sân thượng chuồng cu. Với 4 phòng ngủ rất rộng có 5 tolet riêng từng phòng, 1 phòng thờ.Hẻm nhựa 7m xe hơi tận . Dân trí cao. LH : 0522299995",6 tỷ 500 triệu
22358251,10/10/2023,"Huỳnh Thị Đồng, Xã Phú Xuân, Huyện Nhà Bè, TPHCM",180 m2,"60 m2 (4,6x13)",4,5,Sổ hồng,"Nhà đường Huỳnh Thị Đồng Nhà Bè Giá : 6,9 Tỷ TLDiện tích: 4.6 x 13Nhà 3 tầng + sân thượng chuồng cu. Với 4 phòng ngủ rất rộng có 5 tolet riêng từng phòng, 1 phòng thờ.Đường 7m xe hơi tăng tận nhà, dân trí cao, an ninh.LH : 0522299995",6 tỷ 900 triệu
22349762,01/10/2023,"Lê Văn Lương, Xã Phước Kiển, Huyện Nhà Bè, TPHCM",300 m2,92 m2 (5x19),5,6,Sổ hồng,"Nhà 4 tầng đường số 12 m, khu dân cư VIP Sadeco, Phước Kiển, Nhà Bè. Ngay Hoàng Anh Gia Lai, 1 km tới Lotte Mart Q 7. Khu dân trí cao, xung quanh toàn nhà phố và biệt thự đẹp.Nhà nằm tại vị trí giao thông thuận tiện, vừa ở vừa cho thuê dễ dàng. Nhà rộng rãi khang trang với 5 pn, 6 wc, các phòng đều rộng và rất thoáng mát.DT 5m*18.4 m, công nhận 92 m² đất ở. Thiết kế 1 trệt 3 lầu, sân thượng, sân trước, sân sau thoáng mát.Giá từ 12,5 tỷ giảm còn 11.5 tỷ. Sổ hồng riêng hoàn công đầy đủ.Nhà đất Công Thanh hân hạnh được phục vụ. Tư vấn về pháp lý, quy hoạch, vay vốn ngân hàng. Hỗ trợ làm hồ sơ đăng bộ, xin GPXD, điện, nước... Cho khách hàng.Quý khách hãy liên hệ qua số điện thoại 0914 993 620 nhé, (zalo Út Huệ BĐSQ7). Làm việc từ 7h30 đến 21h30 hàng ngày.Cám ơn quý khách đã xem tin. Chúc quý khách tìm được sản phẩm bất động sản ưng ý.",11 tỷ 500 triệu
22346449,27/09/2023,"Huỳnh Tấn Phát, Thị Trấn Nhà Bè, Huyện Nhà Bè, TPHCM",250 m2,"92 m2 (5x18,5)",5,6,Sổ hồng,"NHÀ PHỐ ĐẸP, ĐƯỜNG 9 M  KHU VIP NHẤT THỊ TRẤN NHÀ BÈ 1979 HTP.  GIÁ RẺ HƠN KHU ANH TUẤN PHÚ XUÂN. ▪Diện tích: 5*19m. Sổ vuông đẹp. ▪Kết cấu 3 tầng + sân thượng chuồng cu.▪Với 5 phòng ngủ rất rộng có 7 tolet riêng từng phòng, 1 phòng thờ.▪︎Hẻm nhựa 9m xe hơi tận nhà, dân trí cao, an ninh, hàng xóm thân thiện, tiện ích xung quanh đầy đủ như gần trường học, phòng gym, hồ bơi, UB Thị trấn, Công an, phòng công chứng, hệ thống các ngân hàng, chợ...Khu dân cư hiện hữu, sung túc, lịch sự. Sát cạnh Quận 7.▪Sổ hồng riêng hoàn công, hỗ trợ trợ vay ngân hàng. Giá chỉ 8,5 tỷ, rẻ hơn khu vực xã Phú xuân.=============================Nhà đất Công Thanh hân hạnh được phục vụ. Tư vấn về pháp lý, quy hoạch, vay vốn ngân hàng. Hỗ trợ làm hồ sơ đăng bộ, xin GPXD, điện, nước...cho khách hàng.Quý khách hãy liên hệ với Huệ qua số điện thoại 0914993620 nhé.Cám ơn quý khách đã xem tin. Chúc quý khách tìm được sản phẩm bất động sản ưng ý.",8 tỷ 500 triệu
22346992,27/09/2023,"Huỳnh Tấn Phát, Thị Trấn Nhà Bè, Huyện Nhà Bè, TPHCM",300 m2,"92 m2 (5x18,5)",5,6,Sổ hồng,"NHÀ PHỐ ĐẸP, ĐƯỜNG 9 M  KHU VIP NHẤT THỊ TRẤN NHÀ BÈ 1979 HTP.  GIÁ RẺ HƠN KHU ANH TUẤN PHÚ XUÂN. ▪Diện tích: 5*19m. Sổ vuông đẹp. ▪Kết cấu 3 tầng + sân thượng chuồng cu.▪Với 5 phòng ngủ rất rộng có 7 tolet riêng từng phòng, 1 phòng thờ.▪︎Hẻm nhựa 9m xe hơi tận nhà, dân trí cao, an ninh, hàng xóm thân thiện, tiện ích xung quanh đầy đủ như gần trường học, phòng gym, hồ bơi, UB Thị trấn, Công an, phòng công chứng, hệ thống các ngân hàng, chợ...Khu dân cư hiện hữu, sung túc, lịch sự. Sát cạnh Quận 7.▪Sổ hồng riêng hoàn công, hỗ trợ trợ vay ngân hàng. Giá 8,5 tỷ rẻ như mũi Nhà bè.=============================Nhà đất Công Thanh hân hạnh được phục vụ. Tư vấn về pháp lý, quy hoạch, vay vốn ngân hàng. Hỗ trợ làm hồ sơ đăng bộ, xin GPXD, điện, nước...cho khách hàng.Quý khách hãy liên hệ với Huệ qua số điện thoại 0914993620 nhé.Cám ơn quý khách đã xem tin. Chúc quý khách tìm được sản phẩm bất động sản ưng ý.",8 tỷ 500 triệu
22344994,25/09/2023,"Đào Tông Nguyên, Thị Trấn Nhà Bè, Huyện Nhà Bè, TPHCM",250 m2,68 m2 (4x17),5,6,Sổ hồng,"GIẢM 600 TRIỆU💰GIÁ chỉ còn 6,2 TỶ⭐️ NHÀ PHỐ 𝐌𝐚̣̆𝐭 𝐓𝐢𝐞̂̀𝐧 𝐇𝐞̉𝐦 🚗 𝟔𝟕 Đ𝐚̀𝐨 𝐓𝐨̂𝐧𝐠 𝐍𝐠𝐮𝐲𝐞̂𝐧, 𝐓𝐡𝐢̣ 𝐓𝐫𝐚̂́𝐧 𝐍𝐡𝐚̀ 𝐁𝐞̀ - KDC đẹp, xây dựng đồng bộ. Hẻm thông, có sân đậu xe hơi. - Diện tích: 4m x 17m.- Kết cấu: 1 Trệt, 1 Lửng, 2 Lầu, 5 PN, 5 WC. - Vị trí: Hẻm 6m trải nhựa có lề, hẻm thông, xe hơi tận nơi. Xung quanh đầy đủ tiện ích, gần trường học, siêu thị, ngân hàng,...- Hướng: Đông Bắc🎁 TẶNG FULL NỘI THẤT📚 Pháp lý: sổ hồng riêng, hoàn công đầy đủ. Hỗ trợ vay ngân hàng 70% (lãi suất tốt)💰 Giá cực tốt: GIẢM 600tr giá chỉ còn 6,2 tỷ. Nhà đất Công Thanh hân hạnh được phục vụ. Tư vấn về pháp lý, quy hoạch, vay vốn ngân hàng. Hỗ trợ làm hồ sơ đăng bộ, xin GPXD, điện, nước...cho khách hàng.Quý khách hãy liên hệ với Huệ qua số điện thoại 0914993620 nhé.Cám ơn quý khách đã xem tin. Chúc quý khách tìm được sản phẩm bất động sản ưng ý.",6 tỷ 200 triệu
22343813,24/09/2023,"Huỳnh Tấn Phát, Thị Trấn Nhà Bè, Huyện Nhà Bè, TPHCM",250 m2,"92 m2 (5x18,5)",5,6,Sổ hồng,"NHÀ PHỐ ĐẸP, ĐƯỜNG 9 M 1979 HTP. ▪Diện tích: 5*19m. Sổ vuông đẹp. ▪Kết cấu 3 tầng + sân thượng chuồng cu.▪Với 5 phòng ngủ rất rộng có 7 tolet riêng từng phòng, 1 phòng thờ.▪︎Hẻm nhựa 9m xe hơi tận nhà, dân trí cao, an ninh, hàng xóm thân thiện, tiện ích xung quanh đầy đủ như gần trường học, phòng gym, hồ bơi, UB Thị trấn, Công an, phòng công chứng, hệ thống các ngân hàng, chợ...Khu dân cư hiện hữu, sung túc, lịch sự. Sát cạnh Quận 7.▪Sổ hồng riêng hoàn công, hỗ trợ trợ vay ngân hàng=============================Nhà đất Công Thanh hân hạnh được phục vụ. Tư vấn về pháp lý, quy hoạch, vay vốn ngân hàng. Hỗ trợ làm hồ sơ đăng bộ, xin GPXD, điện, nước...cho khách hàng.Quý khách hãy liên hệ với Huệ qua số điện thoại 0914993620 nhé.Cám ơn quý khách đã xem tin. Chúc quý khách tìm được sản phẩm bất động sản ưng ý.",8 tỷ 500 triệu
22343384,23/09/2023,"Huỳnh Tấn Phát, Thị Trấn Nhà Bè, Huyện Nhà Bè, TPHCM",145 m2,"51 m2 (4,5x12)",4,5,Sổ hồng,"🔺️Bán Nhà Khu Sài Gòn Mới Đường Huỳnh Tấn Phát Nhà Bè. Tphcm.🔺️Giá: 5Tỷ5. Còn thương lượng.▪ Diện tích: 4,5x12m.▪ Kết cấu: 3 tầng + sân thượng trước sau.▪︎ Với 4 phòng ngủ mỗi phòng đều có tolet riêng.▪︎ Nội thất toàn đồ cao cấp được trang bị đầy đủ.▪ Cơ sở hạ tầng chỉnh chu đường trãi nhựa chuẩn 6m xe hơi vào tận nơi. Nhà cao đồng bộ dân trí, văn minh, an ninh.▪︎ Tiện ích gần siêu thị Điện Máy Xanh, TGDD, công an, UBND, trạm y tế đầy đủ, trường học...▪ Vị trí nhà nằm phía đường Huỳnh Tấn Phát, thị trấn, Nhà Bè cách Phú Mỹ Hưng quận 7 chỉ 2km.▪︎ Sổ hồng nhà riêng hoàn công đầy đủ, hỗ trợ vay ngân hàng cho khách có nhu cầu 80%.Nhà đất Công Thanh hân hạnh được phục vụ. Tư vấn về pháp lý, quy hoạch, vay vốn ngân hàng. Hỗ trợ làm hồ sơ đăng bộ, xin GPXD, điện, nước...cho khách hàng.Quý khách hãy liên hệ với Huệ qua số điện thoại 0914993620 nhé.Cám ơn quý khách đã xem tin. Chúc quý khách tìm được sản phẩm bất động sản ưng ý.",5 tỷ 500 triệu
22338308,18/09/2023,"Huỳnh Tấn Phát, Thị Trấn Nhà Bè, Huyện Nhà Bè, TPHCM",140 m2,"50 m2 (4x12,5)",4,3,Sổ hồng,"BÁN NHÀ KHU BP 2279 HUỲNH TẤN PHÁT_TT . NHÀ BÈ- Giá bán : 5,8 tỷ ( thương lượng )- Diện tích: 4m x 13m- Kết cấu: 1 trệt 2 lầu - Thiết kế: ôtô đậu trong nhà , phòng khách, bếp , 4 phòng ngủ, 5 tollet bố trí riêng biệt từng phòng, phòng thờ , sân thượng trước - Nhà được trang bị full nội thất cao cấp - Vị trí: mặt tiền đường 12m ngay trung tâm thị trấn Nhà Bè, cách cầu Phú Xuân 700m, gần chợ, trường học, ngân hàng Agribank …- Pháp lý: Sổ hồng riêng hoàn công - Hổ trợ khách mua nhà vay ngân hàng______________________________Nhà đất Công Thanh hân hạnh được phục vụ. Tư vấn về pháp lý, quy hoạch, vay vốn ngân hàng. Hỗ trợ làm hồ sơ đăng bộ, xin GPXD, điện, nước...cho khách hàng.Quý khách hãy liên hệ với Huệ qua số điện thoại 0914993620 nhé.Cám ơn quý khách đã xem tin. Chúc quý khách tìm được sản phẩm bất động sản ưng ý.",5 tỷ 800 triệu
22336754,16/09/2023,"Trần Thị Liền, Xã Phước Kiển, Huyện Nhà Bè, TPHCM",322 m2,"99,9 m2 (7,7x13)",11,12,Sổ hồng,"Bán tòa nhà cho thuê kiến trúc đẹp, mới với các thông số sau:- Đất lô góc đẹp với kích thước 7,7 x 13 m = 99,9 m².- Tổng diện tích sàn  xây dựng đã hoàn công 322 m2  với 1 hầm, 1 trệt, 3 lầu, thang máy tiện lợi.- Tổng 11 Phòng + Mặt bằng kinh doanh cho thuê.- Khách đang thuê kín với nguồn thu nhập đều đặn 50 triệu / tháng đạt 5% năm trên giá trị đầu tư.- Ngân hàng định giá tài sản 12,55 tỷ và tài trợ cho vay 10 tỷ ngay cho khách có nhu cầu mua.- Sổ hồng hoàn công đầy đủ, pháp lý rõ ràng.- Đặc biệt, Giá bán cực hấp dẫn chỉ 13,9 tỷ trong tháng 09/2023. Gia lộc thêm cho khách mua thiện chí và xuống tiền nhanh.Nhà đất Công Thanh hân hạnh được phục vụ. Tư vấn về pháp lý, quy hoạch, vay vốn ngân hàng. Hỗ trợ làm hồ sơ đăng bộ, xin GPXD, điện, nước...cho khách hàng.Quý khách hãy liên hệ với Huệ qua số điện thoại 0914993620 nhé.Cám ơn quý khách đã xem tin. Chúc quý khách tìm được sản phẩm bất động sản ưng ý.",14 tỷ
22322103,11/09/2023,"Nguyễn Văn Tạo, Xã Long Thới, Huyện Nhà Bè, TPHCM",160 m2,160 m2 (8x20),2,2,Sổ hồng,"Nhà mới xây dựng đường 12 m, Nguyễn Văn Tạo, Long Thới, Nhà bè. Sau lưng trường dạy lái xe Thành Công, cổng vào khu công nghiệp Hiệp phước. Khu dân cư hiện hữu, đông đúc, xây dựng tự do. Gần các cụm CN lớn và cảng biển quốc tế Hiệp phước. Giao thông thuận lợi ko bao giờ kẹt xe hay ngập nước. DT chuẩn của khu 8*20= 160 m2. Đặc biệt khu này mỗi nhà đèu có khoảng đất trống sau nhà 2 m để thoát nước và thoát hiểm.Giá chỉ 5 tỷ. Pháp lý sổ hồng riêng hoàn công đầy đủ. Nhà đất Công Thanh hân hạnh được phục vụ. Tư vấn về pháp lý, quy hoạch, vay vốn ngân hàng. Hỗ trợ làm hồ sơ đăng bộ, xin GPXD, điện, nước...cho khách hàng.Quý khách hãy liên hệ với Huệ qua số điện thoại 0914993620 nhé.Cám ơn quý khách đã xem tin. Chúc quý khách tìm được sản phẩm bất động sản ưng ý",5 tỷ
22301722,26/08/2023,"Phạm Hùng, Thị Trấn Nhà Bè, Huyện Nhà Bè, TPHCM",,"71,4 m2 (4,2x17)",3,3,Sổ hồng,"_Diện tích:  71.4 m² (  4.2 *  17  )_Nhà tọa lạc trong khu vực an ninh, dân trí cao, vị trí nhà đẹp, đắt địa, ngay trung tâm_ Hiện trạng: Nhà 1 trệt 2  lầu 3  Phòng ngủ + 4 WC + PK + Bếp. Full nội thất cực xịn xò._Tiện ích: Gần trường học, siêu thị, chợ, ngân hàng, công viên, ..._Sổ hồng riêng, sang tên công chứng ngayGiá:  1ty830 (thương lượng)* MIỄN TIẾP MÔI GIỚI CÒ LÁI!!",1 tỷ 830 triệu
22316110,25/08/2023,"Lê Văn Lương, Xã Phước Kiển, Huyện Nhà Bè, TPHCM",300 m2,93 m2 (5x19),5,6,Sổ hồng,"Nhà 4 tầng đường số 12 m, khu dân cư VIP Sadeco, Phước Kiển, Nhà Bè. Ngay Hoàng Anh Gia Lai, 1 km tới Lotte Mart Q 7. Khu dân trí cao, xung quanh toàn nhà phố và biệt thự đẹp.Nhà nằm tại vị trí giao thông thuận tiện, vừa ở vừa cho thuê dễ dàng.DT 5m*18.4 m, công nhận 92 m² đất ở. Thiết kế 1 trệt 3 lầu, sân thượng, sân trước, sân sau thoáng mát.Giá từ 12,5 tỷ giảm còn 11.5 tỷ. Sổ hồng riêng hoàn công đầy đủ.Nhà đất Công Thanh hân hạnh được phục vụ. Tư vấn về pháp lý, quy hoạch, vay vốn ngân hàng. Hỗ trợ làm hồ sơ đăng bộ, xin GPXD, điện, nước... Cho khách hàng.Quý khách hãy liên hệ qua số điện thoại 0914 993 620 nhé, (zalo Út Huệ BĐSQ7). Làm việc từ 7h30 đến 21h30 hàng ngày.Cám ơn quý khách đã xem tin. Chúc quý khách tìm được sản phẩm bất động sản ưng ý.",11 tỷ 500 triệu
22278367,27/07/2023,"Nguyễn Văn Tạo, Xã Long Thới, Huyện Nhà Bè, TPHCM",160 m2,160 m2 (8x20),3,2,Sổ hồng,"Nhà mới xây dựng đường 12 m, Nguyễn Văn Tạo, Long Thới, Nhà bè. Sau lưng trường dạy lái xe Thành Công, cổng vào khu công nghiệp Hiệp phước. Khu dân cư hiện hữu, đông đúc, xây dựng tự do. Gần các cụm CN lớn và cảng biển quốc tế Hiệp phước. Giao thông thuận lợi ko bao giờ kẹt xe hay ngập nước. DT chuẩn của khu 8*20= 160 m2. Đặc biệt khu này mỗi nhà đèu có khoảng đất trống sau nhà 2 m để thoát nước và thoát hiểm.Giá chỉ 5 tỷ. Pháp lý sổ hồng riêng hoàn công đầy đủ. Nhà đất Công Thanh hân hạnh được phục vụ. Tư vấn về pháp lý, quy hoạch, vay vốn ngân hàng. Hỗ trợ làm hồ sơ đăng bộ, xin GPXD, điện, nước...cho khách hàng.Quý khách hãy liên hệ với Huệ qua số điện thoại 0914993620 nhé.Cám ơn quý khách đã xem tin. Chúc quý khách tìm được sản phẩm bất động sản ưng ý",5 tỷ
22129951,15/06/2023,"Huỳnh Thị Đồng, Thị Trấn Nhà Bè, Huyện Nhà Bè, TPHCM",200 m2,70 m2 (5x14),4,5,Sổ hồng,"Nhà ngay trung tâm thị trấn Nhà Bè. Hẻm 1979/8 đường Huỳnh Tấn Phát (Gần Phòng Công Chứng Toàn Cầu). Xe hơi tới nơi quay đầu hoặc ngủ trong nhà.- Diện tích: 5mx14m. CN 69 m² đất ở đô thị.- Kết cấu: 4 tầng.- Với 5 phòng ngủ full nội thất, 6wc riêng từng phòng.- Đường 9m ngay khu UBND, công an thị trấn Nhà Bè. 500 m tới Quận 7.- Sổ hồng hoàn công đầy đủ.Giá chỉ: 7,5 tỷ.Nhà đất Công Thanh hân hạnh được phục vụ. Tư vấn về pháp lý, quy hoạch, vay vốn ngân hàng. Hỗ trợ làm hồ sơ đăng bộ, xin GPXD, điện, nước... Cho khách hàng.Quý khách hãy liên hệ qua số điện thoại 0914 993 620 nhé.Cám ơn quý khách đã xem tin. Chúc quý khách tìm được sản phẩm bất động sản ưng ý.",7 tỷ 500 triệu
21387145,31/05/2023,"Huỳnh Tấn Phát, Thị Trấn Nhà Bè, Huyện Nhà Bè, TPHCM",,50 m2 (5x10),4,4,Sổ hồng,"Liên hệ Cúc : 0902473877 . Chuyên nhà phố Nhà BèNhà hẻm xe hơi 6m , xe 7 chỗ đậu được trong nhà 1942 thông qua 1886 Huỳnh Tấn Phát, thị trấn Nhà Bè diện tích 5m x10 trệt 2 lầu 4 phòng ngủ xây full đất nên nhà rất rộng . Nhà hoàn công đúng hiện trạng.Giá rẻ chỉ 4.25 tỷ Liên hệ Cúc : 0902473877 . Chuyên nhà phố Nhà Bè",4 tỷ 250 triệu
21387027,28/05/2023,"Huỳnh Tấn Phát, Thị Trấn Nhà Bè, Huyện Nhà Bè, TPHCM",,"50 m2 (4x12,5)",4,5,Sổ hồng,"Liên hệ Cúc : 0902473877 . Chuyên nhà phố Nhà BèDIỆN TÍCH: 4m x 12,5m SHR tổng 50m2 đất ở tại đô thị - hiện trạng nhà 1 trệt 2 lầu + sân thượng chuồng cu - Móng ép cọc bê tông kiên cố. 4 phòng ngủ 1 phòng thờ. 5 toilét-- Tổng diện tích sàn 148m2 - Đường nội bộ 6m xe hơi vô nhà - Hướng TÂY BẮC- Diêm Niên - mệnh khôn THỔ TÂY NAM.- Giá : 4 tỷ 250 triệu thương lượng - Mua bán công chứng sang tên nhanh chóng - Sổ Hồng hoàn công đầy đủ!Liên hệ Cúc : 0902473877 . Chuyên nhà phố Nhà Bè",4 tỷ 250 triệu
21387173,27/05/2023,"Huỳnh Tấn Phát, Thị Trấn Nhà Bè, Huyện Nhà Bè, TPHCM",,72 m2 (4x18),5,4,Sổ hồng,"Liên hệ Cúc : 0902473877 . Chuyên nhà phố Nhà BèDIỆN TÍCH RỘNG - GIÁ RẺ Nhà SR đường Nguyễn Thị Hương thông ra kho B tt Nhà Bè (xe hơi vô tới nhà) dt: 4x18, 1 trệt 1 lầu nở hậu 5m, 4pn có 1 phòng dưới đất dành cho người lớn tuổi🌹🌹 Giá 3,5 tỷ, thương lượngLiên hệ Cúc : 0902473877 . Chuyên nhà phố Nhà Bè",3 tỷ 500 triệu
21387588,25/05/2023,"Dương Cát Lợi, Thị Trấn Nhà Bè, Huyện Nhà Bè, TPHCM",,"52 m2 (4,3x12)",3,3,Sổ hồng,"Liên hệ Cúc : 0902473877 . Chuyên nhà phố Nhà BèNhà hẻm 76 Dương cát lợi Thị Trấn Nhà Bè, liền kề Q7Gần chợ Phú Xuân, trường học, thế giới di động , ngân hàng …Ngang 4m3 dài 12m , Đường trước nhà 6m.Kết cấu 1 trệt +2 lầu + mái đúcGiá: 4tỷ750 thương lượng.Liên hệ Cúc : 0902473877 . Chuyên nhà phố Nhà Bè",4 tỷ 750 triệu
21387583,25/05/2023,"Khu Trung Tâm Huyện, Thị Trấn Nhà Bè, Huyện Nhà Bè, TPHCM",,"50 m2 (4x12,5)",4,5,Sổ hồng,"Liên hệ Cúc : 0902473877 . Chuyên nhà phố Nhà BèBán nhà khu The sun ( Sài Gòn Mới) chính chủ gửi bán-Diện tích: 4m x 12,5m tổng diện tích sàn 137.5m2, 1 trệt 2 lầu, sân thượng chuồng cu. - Móng ép cọc bê tông, 4 phòng ngủ 1 phòng thờ, 5 toilets. - Đường 6m xe hơi vô nhà.- Vị trí đẹp gần ngoài cổng The Sun- Giá bán: 4.250 tỷ- Mua bán công chứng sang tên nhanh chóng, ngân hàng hỗ trợ vay 70%.Liên hệ Cúc : 0902473877 . Chuyên nhà phố Nhà Bè",4 tỷ 250 triệu
22149624,22/05/2023,"Dương Cát Lợi, Thị Trấn Nhà Bè, Huyện Nhà Bè, TPHCM",,"57,5 m2 (4x14,5)",4,5,Sổ hồng,"Bán Nhà Mới mặt tiền đường xe hơi số 17. Dương Cát Lợi. Gần chợ Phú Xuân. Ngay trung tâm TT Nhà Bè➖Diện tích: 4x15 m➖Kết cấu: 1 trệt 2 lầu, tum sân thượng ➖Thiết kế: sân trước, phòng khách, bếp, 4 pn, 5 wc. Sân thượng trước sau ➖Tặng Full nội thất ➖Vị trí: Mặt tiền đường xe hơi, liền kề Q 7. Cách chợ Phú Xuân 50 m. Gần trường học, siêu thị vv…📕: Sổ Hồng riêng, hoàn công bao sang tên. Hỗ trợ khách mua nhà vay NHLIÊN HỆ EM VY  ĐỂ ĐƯỢC XEM NHÀ THẬT , GIÁ THẬT VÀ GẶP CHÍNH CHỦ 0907306851",6 tỷ 200 triệu
22145795,22/05/2023,"Trần Thị Liền, Xã Phước Kiển, Huyện Nhà Bè, TPHCM",,"80 m2 (6,2x13)",12,12,Sổ hồng,"Mô tả: Nhà mới trệt lửng 3 lầu st.Nhà gồm 12 phòng cho thuê.Chủ đang cho thuê trọn gói là 35tr.Vị trí Ngay Nguyễn Hữu Thọ. Đại học Tôn Đức Thắng.Sổ Hồng vuông vức hoàn công đầy đủ.LIÊN HỆ EM VY  ĐỂ ĐƯỢC XEM NHÀ THẬT , GIÁ THẬT VÀ GẶP CHÍNH CHỦ 0907306851",11 tỷ 800 triệu
22131649,22/05/2023,"Dương Cát Lợi, Thị Trấn Nhà Bè, Huyện Nhà Bè, TPHCM",,"96,4 m2 (5x19)",4,4,Sổ hồng,"Khu cực kỳ tiện ích xung quanh là chợ trường..siêu thị bách hóa ..chợ Phú Xuân..trung tâm điện máy..khu vui chơi mua sắm sầm uất.🌹Ngang 5M.. Dài 20m nhà 1 trệt.lửng..2 Lầu lầu..phòng khách..bếp phòng ăn..4 phòng ngủ..5wc..đường 2 xe chánh nhau.🌹Pháp Lý Sổ Hồng Hoàn Công chuẩn chỉnh công chứng ngay.LIÊN HỆ EM VY  ĐỂ ĐƯỢC XEM NHÀ THẬT , GIÁ THẬT VÀ GẶP CHÍNH CHỦ 0907306851",11 tỷ 800 triệu
22097121,22/05/2023,"Đào Tông Nguyên, Thị Trấn Nhà Bè, Huyện Nhà Bè, TPHCM",,64 m2 (4x16),4,3,Sổ hồng,"Kết cấu Ngang 4, 3 tầng 4 Phòng ngủ, 3 WCXách valy vào ở ngay.Khu vực dân cư thân thiện, gần chợ, trường học, siêu thị, các trung tâm thương mại…hoạt động nhộn nhịp.+ Pháp lý : pháp lý chuẩn, công chứng trong ngày.LIÊN HỆ EM VY  ĐỂ ĐƯỢC XEM NHÀ THẬT , GIÁ THẬT VÀ GẶP CHÍNH CHỦ 0907306851",7 tỷ 500 triệu
22103463,22/05/2023,"Dương Cát Lợi, Thị Trấn Nhà Bè, Huyện Nhà Bè, TPHCM",,105 m2 (7x15),4,5,Sổ hồng,"Cần bán nhà đẹp  Full Nội Thất Cách Q7 1 cây cầu chỉ 2’ - Diện tích : Ngang 7  Dài 15 - Hiện trạng : 1 Trệt 2 Lầu ST  (Gồm có.4 Phòng ngủ + 5WC).- Hẻm trước nhà Xe hơi đến nơi. - 👉Pháp lí : Sổ Hồng Riêng, mua bán sang tên công chứng. - ✅Tiện tích nhà gần chợ gần trường học, cách mặt tiền vài chục mét.LIÊN HỆ EM VY  ĐỂ ĐƯỢC XEM NHÀ THẬT , GIÁ THẬT VÀ GẶP CHÍNH CHỦ 0907306851",7 tỷ 500 triệu
22158179,22/05/2023,"Huỳnh Tấn Phát, Thị Trấn Nhà Bè, Huyện Nhà Bè, TPHCM",,80 m2 (5x16),4,5,Sổ hồng,"*Mô tả:- Kết cấu Trệt, 2 lầu, Sân thượng trước sau,gồm 4PN, 5WC, Phòng thờ, Phòng Khách, Bếp, Gara để xe Hơi, Ban công trước sau.- Cầu thang thiết kế phong thủy, theo chiều kim đồng hồ.- Nhà kiên cố, chắc chắn, chủ giám sát thi công xây dựng nên chất lượng nhà đảm bảo tuyệt đối.- Nhà mới xây , Full nội thất xịn, khách mua không phải sắm sửa gì, vào ở ngay.- Nhà nằm trên trục đường huyết mạch Huỳnh Tấn Phát kết nối giao thông từ Quận 7 xuống Nhà Bè, Cần Giờ.- Giao thông thuận tiện đi đến các nơi.- Gần ngã 3 Nguyễn Bình+ Huỳnh Tấn Phát, gần UBND Phường Phú Xuân, xung quanh có đầy đủ tiện ích như trường học, siêu thị, Ngân hàng, Chợ...- 3 phút đến Trung tâm Hành Chính Nhà Bè, chỉ 10 phút đến khu phố Phú mỹ Hưng..LIÊN HỆ EM VY  ĐỂ ĐƯỢC XEM NHÀ THẬT , GIÁ THẬT VÀ GẶP CHÍNH CHỦ 0907306851",8 tỷ 500 triệu
22168138,22/05/2023,"Huỳnh Tấn Phát, Thị Trấn Nhà Bè, Huyện Nhà Bè, TPHCM",,56 m2 (4x14),4,3,Sổ hồng,"Mô tả : - Kết cấu : 1 trệt 2 lầu.- Hiện trạng : 4PN 3WC. Ban công 2 tầng. có sân sau và Giếng trời thoáng mát. Tặng 2 Máy lạnh và 1 tivi.   + Tầng 1 (trệt) : Sân trước để xe rộng 2.2m + phòng khách + 1 Tivi + 1WC + Bếp + sân sau có giếng trời.   + Tầng 2 : 2PN + 1WC + 1 máy lạnh + Ban công   + Tầng 3 : 2PN + 1WC + 1 máy lạnh + Ban công- Vị trí : Xe hơi 7 chỗ đỗ cổng. Đường trước nhà 6m. cách chợ Phú xuân 3p. Giáp quận 7. Gần chợ, gần trường học. Khu vực sầm uất,dân cư hiện hữu,an ninh, dân trí cao.- Pháp lý : Sổ hồng riêng sạch đẹp vuông vức, hoàn công đầy đủ. Chính chủ trang bìa.- Giá 5.5 tỷ ( thương lượng) Liên hệ 0907306851 Ms Vy",5 tỷ 500 triệu
22159641,17/05/2023,"Huỳnh Tấn Phát, Thị Trấn Nhà Bè, Huyện Nhà Bè, TPHCM",120 m2,"66 m2 (3,5x19)",2,2,Sổ hồng,"🌈Giá đầu tư🌈Nhà 66m2 Huỳnh Tấn Phát, chỉ 3 tỷ chín ❤️Diện tích: 3.5x 19m Kết cấu: trệt + 1 lầu + 2 phòng 2 Wc + Sân đổ otoPháp lý: sổ hồng riêng ( Đất ở hiện hữu chỉnh trang)Vị trí gần nhà: Công An Thị Trấn Nhà Bè028 3873 8436https://maps.app.goo.gl/m5hyQT5HAvdKe8rX7_ Lh: 0387895478 ( Mr. Hiếu )",3 tỷ 900 triệu
21387825,16/05/2023,"Huỳnh Tấn Phát, Thị Trấn Nhà Bè, Huyện Nhà Bè, TPHCM",,"53 m2 (5,3x10)",2,2,Sổ hồng,"Liên hệ Cúc : 0902473877 . Chuyên nhà phố Nhà BèNhà sổ riêng 2,8 tỷ 🔔Bán nhà 50m2 Huỳnh Tấn Phát, Thị trấn Nhà Bè 🔥 5,3 × 10 - 1 lầu - 2pn- 2wc Đường trước nhà 6m , sổ riêng hỗ trợ bank⭐️ Giá : 2,8 tỷ Liên hệ Cúc : 0902473877 . Chuyên nhà phố Nhà Bè",2 tỷ 800 triệu
21387833,15/05/2023,"Huỳnh Tấn Phát, Thị Trấn Nhà Bè, Huyện Nhà Bè, TPHCM",,"33 m2 (3,3x10)",4,3,Sổ hồng,Liên hệ Cúc : 0902473877 . Chuyên nhà phố Nhà BèBán nhà mới TTHC - HUYỆN NHÀ BÈ.-DT: 3.3m x 10m- 3 Tầng với 04PN; 03 WC.Đường trước nhà 12m.- sổ hồng riêng - Giá: 2tỷ 350 TLLiên hệ Cúc : 0902473877 . Chuyên nhà phố Nhà Bè,2 tỷ 350 triệu
22105965,15/05/2023,"Dương Cát Lợi, Thị Trấn Nhà Bè, Huyện Nhà Bè, TPHCM",,105 m2 (7x15),4,5,Sổ hồng,"Cần bán nhà đẹp  Full Nội Thất Cách Q7 1 cây cầu chỉ 2’ - Diện tích : Ngang 7  Dài 15 - Hiện trạng : 1 Trệt 2 Lầu ST  (Gồm có.4 Phòng ngủ + 5WC).- Hẻm trước nhà Xe hơi đến nơi. - 👉Pháp lí : Sổ Hồng Riêng, mua bán sang tên công chứng. - ✅Tiện tích nhà gần chợ gần trường học, cách mặt tiền vài chục mét.LIÊN HỆ EM VY  ĐỂ ĐƯỢC XEM NHÀ THẬT , GIÁ THẬT VÀ GẶP CHÍNH CHỦ 0907306851",8 tỷ 500 triệu
21388690,13/05/2023,"Huỳnh Tấn Phát, Thị Trấn Nhà Bè, Huyện Nhà Bè, TPHCM",,40 m2 (5x8),2,2,Sổ hồng,"Liên hệ Cúc : 0902473877 . Chuyên nhà phố Nhà BèSỔ HỒNG RIÊNG, GIÁ RẺBán nhà đẹp 1886 Huỳnh Tấn PhátDiện tích:5x8mHiện trạng : 1 trệt 1 lầu 2 phòng ngủ 2 wc Hướng nhà: đông bắcFull nội thất như hình Giá bán : 2,75tyLiên hệ Cúc : 0902473877 . Chuyên nhà phố Nhà Bè",2 tỷ 750 triệu
21390629,12/05/2023,"Lê Văn Lương, Xã Phước Kiển, Huyện Nhà Bè, TPHCM",,81 m2 (5x16),2,2,Sổ hồng,"Liên hệ Cúc : 0902473877 . Chuyên nhà phố Nhà BèNHÀ ĐẸP, RẺ , MỚI , 81M ,( 5X16 ) 4,6 TỶ * Lê Văn Lương  Xã Phước Kiển Huyện Nhà BÈ* Hẻm 6-8m xe hơi quay đầu thoải mái, có gara xe hơi trong sân, 1 phòng khách, 2 phòng ngủ, 1 bếp rộng thoáng.Tặng hết nội thất như hình!Trong bán  kính 200m có đầy đủ tiện ích siêu thị, bệnh viện, trường học...* Khu dân cư an ninh yên tĩnh. Gần dự án GS, khu biệt thự ven sông LA PARTENZA, bệnh viện Nhà Bè, chung cư Hoàng Anh An Tiến, cao ốc Hưng Phát, tòa nhà PV Gas tiềm năng phát triển tốt.* Chỉ 5p đến quận 7, 10p đến quận 4, quận 1 thông qua trục đường Nguyễn Hữu Thọ và Nguyễn Văn Linh* Sổ hồng chính chủ Liên hệ Cúc : 0902473877 . Chuyên nhà phố Nhà Bè",4 tỷ 600 triệu
21387582,10/05/2023,"Lê Văn Lương, Xã Nhơn Đức, Huyện Nhà Bè, TPHCM",,60 m2 (4x15),2,2,Sổ hồng,"Liên hệ Cúc : 0902473877 . Chuyên nhà phố Nhà BèChỉ 1 căn duy nhất giá rẻLê Văn Lương nối dài Long Hậu, cách Nhà Bè 1km khu Hoàng Hoa Long Hậu.Đường trước nhà 10m cách mặt tiền đường 826 C 20 m.DT 4m3x15 trệt 1 lầu, phun nội thất khách mua nhà chỉ việc sách và ly vào ở.Giá 2 tỷ 800 tlLiên hệ Cúc : 0902473877 . Chuyên nhà phố Nhà Bè",2 tỷ 800 triệu
21387044,10/05/2023,"Lê Văn Lương, Xã Nhơn Đức, Huyện Nhà Bè, TPHCM",,60 m2 (4x15),2,3,Sổ hồng,"Liên hệ Cúc : 0902473877 . Chuyên nhà phố Nhà BèBán nhà khu dân cư Hoàng Hoa, đường Lê Văn Lương nối dài, xã Long Hậu, Long An. Đường 8m. Nhà mới xây. Diện tích: 4.3mx15m, trệt, lầu, 2PN, 3WC. Pháp lý: sổ hồng riêng hoàn côngGiá: 2.8tỷ TLLiên hệ Cúc : 0902473877 . Chuyên nhà phố Nhà Bè",2 tỷ 800 triệu
22007466,24/04/2023,"Ngô Quang Thắm, Xã Long Thới, Huyện Nhà Bè, TPHCM",700 m2,700 m2 (14x50),2,3,Sổ hồng,"- Bán nhà vườn hơn 700m nhánh Long thới nhà bè (ngay trường quốc tế Mỹ đi vào).                                            - diện tích : 14m dài 50 m...                                         - Pháp lý : sổ Hồng riêng .                                           - Hiện trạng : nhà cấp 4 rộng không gian mát,gồm 2 phòng ngủ lớn +phòng khách +bếp       - xe hơi chạy vi vu tới nhà , sân rộng để 3 xe hơi ..                                                                                  - Giá bán : 5 tỷ",5 tỷ
22130010,24/04/2023,"Lê Văn Lương, Xã Nhơn Đức, Huyện Nhà Bè, TPHCM",250 m2,100 m2 (5x20),4,5,Sổ hồng,"Có 2 căn nhà mới xây dựng hẻm xe hơi, Lê Văn Lương, Nhơn đức, Nhà bè và 1 lô đất đang rất hót nhé cả nhà vì nhà rất đẹp nhưng chủ cần bán nên giảm giá mạnh1) Nhà hẻm 6m 1508 LVL, trệt, 2 lầu, sân thượng. DT 5m*20m, Sân trước, sân sau, giểng trời thoáng mát. Giá giảm chỉ còn 5,4 tỷ.2) Nhà KDC Rạch tôm, khu mới phan lô bán nền, cơ sở hạ tằng đẹp, đường nội khu cao ráo rộng rãi, có công viên, gần mặt tiền Lê Văn Lương. Đã có nhiều nhà tới ở ấm áp, xây dựng hiện đại đồng bộ, đẹp. DT 8m*11m, 88 m2. Giá 6,3 tỷ.Cả hai căn đều pháp lý chuẩn, bao sang tên sổ hồng hoàn công, hỗ trợ vay vốn.3) Ngoài ra còn có lô đất mặt hẻm 1896 LVL, 9,6m*20,5m= 200 m2 thổ cư, giá chỉ 6,6 tỷ. Sổ vuông đẹp tuyệt vời ông mặt trời.Nhà đất Công Thanh hân hạnh được phục vụ. Tư vấn về pháp lý, quy hoạch, vay vốn ngân hàng. Hỗ trợ làm hồ sơ đăng bộ, xin GPXD, điện, nước... Cho khách hàng.Quý khách hãy liên hệ qua số điện thoại 0914993620 nhé.Cám ơn quý khách đã xem tin. Chúc quý khách tìm được sản phẩm bất động sản ưng ý.",5 tỷ 400 triệu
21992256,08/02/2023,"Đào Tông Nguyên, Xã Phú Xuân, Huyện Nhà Bè, TPHCM",240 m2,80 m2 (5x21),3,3,Sổ hồng,"MẶT TIỀN ĐÀO TÔNG NGUYÊN VỪA Ở VỪA KINH DOANH, VỊ TRÍ ĐẸP, NGANG 5M, CĂN NHÀ TÂM HUYẾT CHỦ THIẾT KẾ VÀ XÂY DỰNG.+ Nhà 1 trệt 2 tầng BTCT, phòng khách, nhà bếp, 3 PN master, phía sau nhà không gian mở lấy ánh sáng và gió thiên nhiên, sân nhà trồng cây Lộc Vừng và vú sữa mát mẻ.+ Mặt tiền đường rộng 12m có vỉa hè, vài bước ra đường Huỳnh Tấn Phát, 10 phút di chuyển qua Phú Mỹ Hưng.+ Chính chủ tự thiết kế và xây dựng, cửa gỗ căm xe, vịn cầu thang và sàn gỗ đỏ, trước nhà chủ xây căn cấp 4 tiện kinh doanh café.+ Pháp lý chuẩn, sổ đẹp vuông vức, hoàn công đầy đủ, công chứng trong ngày. Giá 7.2 tỷ, thương lượng chính chủ, miễn qua trung gian.LH Ms.Trúc 0989810085 (zalo) tư vấn nhiệt tình, xem nhà miễn phí.(KHÔNG CHÍN TÁM CHÍN TÁM MỘT KHÔNG KHÔNG TÁM NĂM)",7 tỷ 200 triệu
21992146,04/02/2023,"Đào Tông Nguyên, Thị Trấn Nhà Bè, Huyện Nhà Bè, TPHCM",150 m2,52 m2 (4x13),4,5,Sổ hồng,"Wednesday, February 1, 20233:29 PMNHÀ MỚI TOANH - ĐẸP NỨC NỞ - QUA Q1 CHỈ 15 PHÚT - LÔ GÓC 2 MẶT TIỀN - ĐƯỜNG NHỰA 12M - KHU ĐÀO TÔNG NGUYÊN - THỊ TRẤN NHÀ BÈ - TẶNG FULL NỘI THẤT CAO CẤP.Bán nhà Đào Tông Nguyên 52m2, 3 tầng (4* 13) 6.8 tỷ Thị trấn Nhà Bè Nhà BèMô tả:- Kết cấu : 3 tầng 4PN lớn, 3WC, bancon, Phòng khách, bếp.- Khu dân cư hiện hữu, đường nhựa 12m.- Xe hơi ngủ trong nhà.- Vị trí nhà chỉ cách trung tâm Sài Gòn Quận 1 khoảng 15 phút đi xe máy, nhà nằm trong khu Biệt thự dân trí cao, camara an ninh toàn khu, Công viên vui chơi trẻ em, kế bên là Công an, trạm y tế và Bách hóa xanh…- Đường thông tứ tung.- Pháp lý chuẩn, mua bán sang tên trong ngày.Giá Chỉ: 6.8 tỷ, thương lượng chính chủ, miễn trung gian.Mua nhà liên hệ Ms.Tiên tư vấn nhiệt tình, xem nhà miễn phí.(KHÔNG CHÍN KHÔNG TÁM KHÔNG CHÍN CHÍN NĂM BẢY KHÔNG)",6 tỷ 800 triệu
21957102,23/12/2022,"Liên Ấp 3-4, Xã Phước Lộc, Huyện Nhà Bè, TPHCM",56 m2,275 m2 (10x27),2,1,Sổ hồng,"- Giá: 18tr/m2 x 275m2 (10m x 27m) = 4tỷ950 (Sổ hồng Riêng, công chứng liền, chính chủ rao bán) Xã Phước Lộc, H.Nhà bè, đường Phạm Hùng nd gần Xí nghiệp X30 bộ Công An (2km).- Hỗ trợ tối đa để bán nhanh (trả chậm 6 tháng ko lãi xuất, sau đó là 7%/năm theo nhu cầu khách để ko phải vay ngân hàng khi lãi xuất đang cao. Chấp nhận trả góp thời hạn 2 năm số tiền còn lại sau khoảng đã trả trước.)- Tặng 100tr tiền VLXD nếu xây dựng ngay.- Khu dân cư đông đúc hiện hữu liền kề. Mặt Tiền Đường bờ kè Kênh cây khô 6m.- Tiện ích: View sông, thích hợp nhà vườn & nghỉ dưỡng ngay trong trung tâm TP. Diện tích lớn có thể làm nhà trọ hoặc xưởng nhỏ.- Xây dựng ngay ( đã xin sẵn GPXD 10/2022 trên đất có sẵn nhà nát )- Liên lạc 090 ba một 090 bảy một ( Khoa )- Tăng giá khi thông xe cầu Rạch Cây Khô ( đã hợp long ) nối Bình Chánh và Nhà Bè.",4 tỷ 950 triệu
21718447,09/12/2022,"Nguyễn Bình, Xã Nhơn Đức, Huyện Nhà Bè, TPHCM",160 m2,160 m2 (8x24),3,2,Sổ hồng,"BÁN NHÀ TẶNG MIẾNG ĐẤT XÂY THÊM 1 CĂN, HXH NGUYỄN BÌNH, NHÀ BÈ, HCM, 160M2, GIÁ CHỈ 6 TỶ 8.733.Nguyễn Bình Ấp 2 Nhơn Đức Nhà Bè Mô tả:- Giá: 6 tỷ 8- Diện tích: 8.17 x 24- Nhà: 1 trệt, 1 lầu.- Phòng: 3PN- WC: 2c- Phù hợp với nhà đầu tư, cho thuê và khách mua ở.- Hẻm: Hẻm xe hơi thông thoáng như đường số, 2 xe hơi tránh nhau.Vị trí:- Gần đường Huỳnh Tấn Phát, Lê Văn Lương 20m, gần Đào Sư Tích, Phạm Hữu Lầu, Nguyễn Lương Bằng, Lê Thị Kỉnh, Đào Tông Nguyên, Dương Cát Lợi.- Thuận tiện di chuyển các Quận như Quận 7, Quận 1, Quận 2, Quận 3, Quận 4, Quận 5, Quận 8, Quận 9, Quận 10, TP. Thủ Đức.Khách Thiện Chí Gọi Ngay Cho Thân Để Đi xem nhà nhé .",6 tỷ 800 triệu
21688720,09/12/2022,"Huỳnh Tấn Phát, Thị Trấn Nhà Bè, Huyện Nhà Bè, TPHCM",250 m2,"58 m2 (4,3x14)",4,3,Sổ đỏ,ĐƯỜNG 5M CAO RÁO- XE HƠI VÀO NHÀ- NHÀ 3 TẦNG MỚI TINH- TẶNG FULL NỘI THẤT CAO CẤP- CHỈ 5Tỷ 550☘️☘️☘️☘️☘️☘️☘️☘️1806....Huỳnh Tấn Phát . Thị trấn Nhà Bè+ Diện tích 58mét+ Ngang 4.3m dài 14m+ 5 Tầng - 4 PN - 3 WC- Sân thượng trước sau thoả đam mê trồng rau cho gia chủ mới.+ Trang bị full nội thất cao cấp+ Mặt tiền đường xe hơi- kinh doanh buôn bán tốt.+ Vị trí cách cầu Phú Xuân qua Q7 chỉ 500m.+Qua Mỹ mỹ Hưng chỉ 5p+ Khu vực sung túc nhộn nhịp tiện ích không thiếu thứ gì.+ Sổ hồng riêng- Hoàn công đủ Khách Thiện Chí Liên Hệ Ngay Mr Thân để đi xem nhà Thank you so much,5 tỷ 550 triệu
21815728,13/11/2022,"Huỳnh Tấn Phát, Thị Trấn Nhà Bè, Huyện Nhà Bè, TPHCM",320 m2,80 m2 (5x16),4,5,Sổ hồng,"Bán Khu Biệt Thự Cao Cấp Khu Dân Cư Anh Tuấn Green Riverside, đường nhựa 08m, có camera an ninh, đèn đường, công viên, cổng bảo vệ........ ✔️ Diện tích: ngang 5 m x dài 17m. ✔️ Kết cấu: trệt, 2 lầu, sân thượng , 4 phòng ngủ, 1 phòng thờ, 1 phòng giặt, 5 toilets. ✔️ Vị trí: nằm trên trục đường Huỳnh Tấn Phát - giáp quận 7, vừa qua cầu Phú Xuân 3km. Khu dân cư hiện hữu, có công viên, siêu thị, trường học cấp 1,2,3, camera an ninh bảo vệ 24/24. ✔️ Hướng: Tây Nam✔️ Pháp lý: Sổ hồng riêng, hoàn công đầy đủ, ngân hàng hỗ trợ vay 80% (lãi suất tốt) 🎁 Tặng full nội thất: sofa, bàn ăn, tủ kệ bếp gỗ, máy hút mùi, tủ lạnh side by side Sam Sung, nội thất và thiết bị điện tử 4 phòng ngủ (giường ngủ, tủ quần áo, máy lạnh inverter, màn cửa cách nhiệt Hàn Quốc), máy nước nóng NLMT,... 💰 Giá: 8 tỷ 250 triệu (thương lượng)__________________ ☎️ Liên hệ or Zalo: 0788021437 Nguyên",8 tỷ 250 triệu
21801412,04/11/2022,"Đường số 6, Xã Phú Xuân, Huyện Nhà Bè, TPHCM",80 m2,80 m2 (5x16),4,5,Sổ hồng,N6-05 khu dân cư anh Tuấn.Nhà phố mới đẹp đường nội bộ xe hơi tận nhà . DT:5x16 trệt 2 lầu sân thượng chuồng cu-  4pn-1pt-5wc FULL nội thất cao cấp.- Gía : 9.2 tỷ - sổ hồng - Lh : 0855548097- Bên cạnh còn 1 số căn vị trí đẹp giá tốt .,9 tỷ 200 triệu
21807335,23/10/2022,"Đào Sư Tích, Xã Phước Kiển, Huyện Nhà Bè, TPHCM",,"86 m2 (5,7x15)",4,4,Sổ hồng,"+ Vị trí cuối hẻm yên tỉnh, thích hợp ở hoặc kinh doanh văn phòng Công ty, ...+ Nhà thuận tiện đi trung tâm Q1 chưa tới 30 phút, sân bay tầm 1 giờ, di chuyển đi các quận thoải mái.+ Nhà 2 lầu, 2 sân thượng trước sau, khách, bếp, 4 phòng ngủ rộng, 5 vệ sinh, cầu thang rộng thoáng, gia đình xây định ở do thay đổi nhu cầu nên bán.+ Chủ thiện chí, hợp tác, sổ hồng riêng công chứng ngayLIÊN HỆ EM VY 0907306851 , CHUYÊN NHÀ PHỐ QUẬN 7 , NHÀ BÈ",8 tỷ 600 triệu
21826722,22/10/2022,"Đào Tông Nguyên, Thị Trấn Nhà Bè, Huyện Nhà Bè, TPHCM",,"66 m2 (4x16,5)",4,3,Sổ hồng,"Vị trí kinh doanh buôn bán được..50m ra Đào Tông Nguyên .. Xe Tải Vi Vu..Nhà đẹp mới chỉ việc vào ở thiết kế theo phong cách nhà phố hiện đại và sang trọng👉Nhà 1 trệt..2 lầu sân thượng..Giếng trời ..phòng khách..bếp..phòng ăn ..4 phòng ngủ..3wc 2 sân.. sân trước..để xe..sân sau thông thoáng.👉Nằm ngay vị trí trung tâm thị trấn..Di chuyển giao thông vô cùng thuận tiện đi đâu cũng được.. kế siêu thị bách hóa xanh.. khu mua sắm.👉Pháp Lý Sổ Hồng Riêng Hoàn Công Chuẩn Chỉnh Công Chứng Ngay.LIÊN HỆ EM VY 0907306851 , CHUYÊN NHÀ PHỐ QUẬN 7 , NHÀ BÈ",5 tỷ 300 triệu
21823262,22/10/2022,"Huỳnh Tấn Phát, Thị Trấn Nhà Bè, Huyện Nhà Bè, TPHCM",,80 m2 (5x18),4,4,Sổ hồng,"KHU NHÀ PHỐ CHUẨN CHỈNH NHẤT NHÀ BÈ NGANG 5 DÀI 18.. 3 TẦNG SÂN THƯỢNG CHỈ 7.9 Tỷ.🌹KHU NHÀ PHỐ CAO CẤP CƠ SỞ HẠ TẦNG ĐƯỢC THIẾT KẾ THEO PHONG CÁCH NHÀ PHỐ HIỆN ĐẠI LUÔN CÓ BẢO VỆ 24/24Nhà mới đẹp khu nhà phố biệt thự cao cấp sang trọng vị trí cực đẹp hoàn công chuẩn chỉnh... pháp lý rõ ràng...tiện ích không thiếu gì.👉Nằm ngay vị trí trung tâm nhà bè qua quận 7 chỉ 5 phút.. di chuyển giao thông thì vô cùng thuận tiên..gần chợ trường học.. khu mua sắm Coop mart Nguyễn bình.👉Ngang 5m Dài 18m ..1 trệt...2 Lầu sân thượng..phòng khách..4 phòng ngủ... giếng trời thông thoáng ..nhà vệ sinh riêng mỗi phòng...đường 8m..vỉa hè.👉Pháp Lý Sổ Hồng Riêng Hoàn Công Chuẩn Chỉnh Công Chứng Ngay.LIÊN HỆ EM VY 0907306851 , CHUYÊN NHÀ PHỐ QUẬN 7 , NHÀ BÈ",7 tỷ 900 triệu
21809623,22/10/2022,"Dương Cát Lợi, Thị Trấn Nhà Bè, Huyện Nhà Bè, TPHCM",,"52 m2 (4,3x12)",4,3,Sổ hồng,"+ Diện tích 52mét+ Ngang 4.3m dài 12m+ 1 trệt 2 lầu sân thượng đúc BTCT+ 4 PN rộng 3 WC Phòng thờ - Sân thượng + Chủ nhà sửa mới tinh chắc chắn, thiết kế sang trọng để ở. Vì có con nhỏ thích ở chung cư nên phải bán căn nhà tâm huyết.+ Ví trí kề bên quận 7 Phú Mỹ Hưng, gần chợ Phú Xuân. Tiện ích đầy đủ ko thiếu gì + Khu dân cư cao tầng đồng bộ, an ninh, hàng xóm là những người trí thức + Hẻm thông - Xe hơi quay đầu vô tư + Sổ hồng riêng - Hoàn công - Bao sang tên+ Gía 5.6 Tỷ thương lượng chính chủLIÊN HỆ EM VY 0907306851 , CHUYÊN NHÀ PHỐ QUẬN 7 , NHÀ BÈ",5 tỷ 600 triệu
21890672,22/10/2022,"Dương Cát Lợi, Thị Trấn Nhà Bè, Huyện Nhà Bè, TPHCM",,"50 m2 (5,7x9)",4,3,Sổ hồng,"350m qua Quận 7 Chợ Phú Xuân, Chợ Phước Long..Thuận tiện cho con học các trường học cấp 1, cấp 2 Phạm Hữu Lầu.. cấp 3 Ngô Quyền..siêu thị Coop Mart..trung tâm mua sắm.🌹Ngang 5.66 Dài 8.96.. 1 Trệt..2 lầu ..sân thượng ..Giếng Trời...mặt tiền kinh doanh..xe hơi để trước nhà thoải mái..4 phòng ngủ..1 phòng thờ..bếp ..phòng ăn rộng thoáng.🌹Pháp Lý Sổ Hồng Hoàn Công.. Công Chứng Ngay.LIÊN HỆ EM HÀ (0933493276) ĐỂ ĐƯỢC XEM NHÀ THẬT , GIÁ THẬT VÀ CHÍNH CHỦ",5 tỷ 350 triệu
21861264,19/10/2022,"Đặng Nhữ Lâm, Thị Trấn Nhà Bè, Huyện Nhà Bè, TPHCM",,60 m2 (4x15),3,3,Sổ hồng,"BÁN NHÀ SỔ HỒNG Riêng Hẻm Xe Hơi đường Đặng Nhữ Lâm THỊ TRẤN NHÀ BÈ======Giá: 2 Tỷ 210 ( TL )======- Diện tích: 4x15m- Kết cấu: 1 trệt 2 lầu, 2 phòng ngủ lớn, 3 tollet, nhà mới dọn vào ở liền- Hẻm trước nhà 3m, cách đường xe hơi 20m, cách Q7 > 800m đi Phú Mỹ Hưng 5p- Xung quanh đầy đủ tiện ích, gần chợ, trường học, ngân hàng....📚 Pháp lý: Sổ hồng riêng, mổi nhà mỗi sổ, mua bán ủy quyền, chủ sổ ký bán",2 tỷ 210 triệu
21590324,06/10/2022,"Huỳnh Tấn Phát, Xã Phú Xuân, Huyện Nhà Bè, TPHCM",300 m2,"81 m2 (5x16,6)",4,5,Sổ hồng,"Nhà phố mặt tiền đường nội bộ, chính chủ bán, xe ô tô ra vào thoải mái, nhà nằm trong khu dân cư hiện hữu, đường nội bộ thông nhau, dân cư đông đúc, an ninh, sạch sẽ, không ngập nước...- Sổ hồng riêng hoàn công đầy đủ, pháp lý minh bạch và rõ ràng.- Diện tích 5m x 16.6m, thổ cư 100%, DTSD lên đến 300m2.- Nhà 1 trệt, 3 lầu, sân thượng, 4 phòng ngủ, 5 toilet, sân thượng, chỗ đậu ô tô.- Hướng Tây Nam. Gần trường học, siêu thị, cách Phú Mỹ Hưng chỉ vài phút đi xe máy.- Nhà thiết kế kiểu thư giản, kiến trúc hiện đại, sang trọng đẳng cấp tạo nên nét độc đáo cho ngôi nhà.- Khu dân cư biệt lập, đầy đủ các tiện ích xung quanh.- Giao nhà ngay, an cư và đầu tư chắc chắn sinh lợi nhuận.- Tặng full nội thất giống như hình, dọn vào là ở ngay.- Hỗ trợ vay ngân với lãi xuất ưu đãi khi Quý khách có nhu cầu.- Giá : 8.1 tỷ- Liên hệ or ZaloKIM CHI LAND - NHÀ ĐẦU TƯ VÀ MÔI GIỚI BĐS UY TÍN CHUYÊN NGHIỆP",8 tỷ 100 triệu
21707620,11/09/2022,"Huỳnh Tấn Phát, Xã Phú Xuân, Huyện Nhà Bè, TPHCM",80 m2,"50 m2 (4,2x12,5)",2,2,Sổ hồng,"🔥 🔥 hot hot. nhà bè hxh đến nhà.--------------------------------------------------------------------------------- C.c cần bán nhà hẻm 2329 nhà Bè- Dt . 4,15x12. trệt , lững . ⛺️ mới , dọn vào ở ngay. Hẻm 4m. Cách hẻm xe tải 30m.- thuận tiện giao thông đi các quận. 💰 💰 💰 3ty3. TlLh. 0914948438. 0934884013",3 tỷ 300 triệu
21791424,09/09/2022,"Huỳnh Tấn Phát, Xã Phú Xuân, Huyện Nhà Bè, TPHCM",250 m2,"82 m2 (6,6x12,5)",4,5,Sổ hồng,"📣BÁN NHÀ PHỐ HIỆN ĐẠI , ĐƯỜNG NHỰA N9 NỐI DÀI KHU DÂN CƯ GREENRIVERSIDE , NHÀ BÈ- Giá bán : 8,9 tỷ- Diện tích: ngang 6,6m x dài 12,5m- Kết cấu: 1 trệt 2 lầu, tum sân thượng - Thiết kế: sân đậu ôtô , phòng khách, bếp, sân sau , 4 phòng ngủ, 5 tollet bố trí riêng biệt từng phòng, phòng thờ , sân thượng trước sau .- Nhà được trang bị full nội thất cao cấp- Pháp lý: Sổ hồng riêng hoàn công- Hổ trợ khách mua nhà vay ngân hàng______________________________☎️ Liên hệ: 0909.258.444 Hưng làm việc trực tiếp Chủ",8 tỷ 900 triệu
21810437,05/09/2022,"Lê Văn Lương, Xã Phước Kiển, Huyện Nhà Bè, TPHCM",,80 m2 (5x16),3,3,Sổ hồng,"🍀🍀🍀 KHU BÀN CỜ - HẺM TRẢI NHỰA 7M - XE HƠI TRONG NHÀ - LÊ VĂN LƯƠNG———————————————————————💵💵💵 Giá: 7TỶ480.✅ Diện tích: 80m2 - ngang 5m.✅ Kết cấu: 1 Trệt, 3 Lầu, Sân Thượng ( 3 Phòng Ngủ, 3WC).✅ Nhà mới, thiết kế kiên cố, tặng full nội thất✅ Hẻm trước nhà 7m, sạch sẽ, cao ráo, xe 🚘 đỗ cửa.✅ Xung quanh đầy đủ các tiện ích, thuận tiện di chuyển…✅ Pháp lý: Sổ Hồng Riêng, Hoàn công đầy đủ.☎️☎️☎️ Liên hệ: (Quốc Phong) gặp và làm việc chính chủ.",7 tỷ 480 triệu
21676646,18/08/2022,"Huỳnh Tấn Phát, Thị Trấn Nhà Bè, Huyện Nhà Bè, TPHCM",150 m2,50 m2 (5x10),4,5,Sổ hồng,"XE HƠI NGỦ TRONG NHÀ, HẺM 8M THÔNG CÓ THỂ KD SPA -VP CTY. DIỆN TÍCH 50M ( 5M X 10M) 3 TẦNG:  4PN , 5WC, PK, BẾPNHÀ MỚI TẶNG TOÀN BỘ NỘI THẤT NHƯ SOFA, BÀN ĂN, BẾP, GIƯỜNG TỦ, MÁY LẠNH.VỊ TRÍ CÁCH CẦU PHÚ XUÂN CHỈ 500M. QUA QUẬN 7 PHÚ MỸ HƯNG CHỈ 5p.  TIỆN ÍCH XUNG QUANH TRƯỜNG HỌC, SIÊU THỊ, CHỢ PHÚ XUÂN SÁT BÊN… SỔ HỒNG RIÊNG VUÔNG VỨC, CÔNG CHỨNG NGAYHỖ TRỢ KHÁCH VAY NGÂN HÀNGCAM KẾT THÔNG TIN CHUẨN 100%*Miễn Báo mạng và môi giới.",4 tỷ 900 triệu
21684537,18/08/2022,"Huỳnh Tấn Phát, Thị Trấn Nhà Bè, Huyện Nhà Bè, TPHCM",120 m2,"68 m2 (7,5x9)",3,2,Sổ hồng,"XE HƠI NGỦ TRONG NHÀ, HẺM 6M THÔNG PHÙ HỢP GIA ĐÌNH Ở, LÀM VP CTY. DIỆN TÍCH 68M ( 7,5M X 9M) 2 TẦNG:  3PN , 2WC, PK, BẾPNHÀ MỚI TẶNG TOÀN BỘ NỘI THẤT NHƯ SOFA, BÀN ĂN, BẾP, GIƯỜNG TỦ, MÁY LẠNH.VỊ TRÍ CÁCH CẦU PHÚ XUÂN CHỈ 600M. QUA QUẬN 7 PHÚ MỸ HƯNG CHỈ 5p.  TIỆN ÍCH XUNG QUANH TRƯỜNG HỌC, SIÊU THỊ, CHỢ PHÚ XUÂN SÁT BÊN… SỔ HỒNG RIÊNG VUÔNG VỨC, CÔNG CHỨNG NGAYHỖ TRỢ KHÁCH VAY NGÂN HÀNGCAM KẾT THÔNG TIN CHUẨN 100%*Miễn Báo mạng và môi giới.",5 tỷ 550 triệu
21743456,16/08/2022,"Huỳnh Tấn Phát, Thị Trấn Nhà Bè, Huyện Nhà Bè, TPHCM",160 m2,58 m2 (5x12),4,3,Sổ hồng,"CHỦ BÁN NHÀ ĐẸP SHR HXH HUỲNH TẤN PHÁT 58M2 CHỈ 3.9TỶChủ nhà cần tiền bán gấp nhà HXH xe hơi đậu trong nhà tại trung tâm Thị Trấn Nhà Bè- Diện tích 5 x 11.5m, 1 trệt 2 lầu, 4PN, 3WC, sổ hồng riêng hoàn công đầy đủ, không lộ giới không quy hoạch.- Vị trí ngay trung tâm thị trấn Nhà Bè cách chợ Phú Xuân chỉ 1km, trong bán kính 1km rất nhiều tiện ích như gần trường, gần chợ, bệnh viện, siêu thị … chỉ 5 phút qua Q1, Q2, Q4, Q7, Q8 …- Chủ nhà có tặng full nội thất bao gồm máy lạnh, máy giặt, tủ lạnh, bàn ăn, máy nước nóng năng lượng mặt trời … cho khách thiện tríLiên hệ em ngay để được đi xem nhà miễn phí.Miễn tiếp mô giới, qoảng cáo.",3 tỷ 900 triệu
21590340,01/08/2022,"Huỳnh Tấn Phát, Xã Phú Xuân, Huyện Nhà Bè, TPHCM",200 m2,50 m2 (5x10),4,5,Sổ hồng,"Nhà đẹp mặt tiền đường nội bộ 6m, nằm trong khu dân cư cao cấp, 1979 đường Huỳnh Tấn Phát, gần chợ, trường học, siêu thị, dễ dàng di chuyển sang các quận trung tâm khác.- Sổ hồng riêng biệt, hoàn công đầy đủ, pháp lý minh bạch và rõ ràng.- Diện tích: 5m x 10m, DTXD lên đến 200m2- Nhà 1 trệt, 2 lầu, 4 phòng, 5 toilet, sân thượng.- Hướng Tây Bắc. Gần trường học, siêu thị, cách Phú Mỹ Hưng chỉ vài phút đi xe máy.- Nhà tiện nghi, không gian bố trí hợp lý.- Khu dân trí cao, có công viên xung quanh có nhiều cây xanh.- Giao nhà ngay, an cư và đầu tư chắc chắn sinh lợi nhuận.- Nội thất cơ bản đầy đủ, dọn vào là ở.- Hỗ trợ vay ngân với lãi xuất ưu đãi khi Quý khách có nhu cầu.- Giá : 6.1 tỷKIM CHI LAND - NHÀ ĐẦU TƯ VÀ MÔI GIỚI BDS UY TÍN CHUYÊN NGHIỆP",6 tỷ 100 triệu
21535531,01/08/2022,"Huỳnh Tấn Phát, Xã Phú Xuân, Huyện Nhà Bè, TPHCM",300 m2,"80 m2 (6,2x12,9)",4,5,Sổ hồng,"Bán nhà KDC Green Riverside, khu nhà ở sang trọng đẳng cấp. Nhà phố mới xây kiến trúc hài hòa, nội thất sang trọng, đường nội bộ ô tô ra vào thoải mái, tiện di chuyển sang các quận trung tâm.⚖ Sổ hồng riêng thửa riêng biệt, hoàn công đầy đủ, pháp lý minh bạch và rõ ràng.🏚 Diện tích 6.2m x 12.9m, thổ cư 100%, DTSD lên đến 300m2.🏣 Nhà 1 trệt, 3 lầu, sân thượng, 4 phòng ngủ, 5 toilet, sân thượng, chỗ đậu ô tô.☢️ Hướng Tây Nam. Gần trường học, siêu thị, cách Phú Mỹ Hưng chỉ vài phút đi xe máy.🖋 Nhà thiết kế kiểu thư giản, kiến trúc hiện đại, sang trọng đẳng cấp tạo nên nét độc đáo cho ngôi nhà.🎡 Khu dân cư biệt lập, toàn nhà cao tầng đồng bộ nhau, không có nhà thấp tầng, đầy đủ các tiện ích xung quanh.🔖 Giao nhà ngay, an cư và đầu tư chắc chắn sinh lợi nhuận.✔️ Tặng full nội thất giống như hình, dọn vào là ở ngay.✔️ Hỗ trợ vay ngân với lãi xuất ưu đãi khi Quý khách có nhu cầu.💰 Giá : 7.95 tỷ☎️ Liên hệ or Zalo: 0907.657.687🌐 Website : kimchiland.vn",7 tỷ 950 triệu
21652506,24/07/2022,"Đào Tông Nguyên, Xã Phú Xuân, Huyện Nhà Bè, TPHCM",172 m2,172 m2 (6x29),2,2,Sổ hồng,"Bán đất Đào Tông Nguyên. tặng nhà cấp 4 mới xây. 6*29 giá 6ty499tr. 172m2GIÁ ĐẦU TƯ, CHỈ 37TR/M2 NGAY KHO C NHÀ BÈ, HẺM BÊ TÔNG SẠCH SẼ 6M, SỔ VUÔNG ĐÉT - NGANG 6M - TẶNG NHÀ C4 KẾT CẤU CHẮC CHẮN.+ Vị trí đẹp, Khu dân cư hiện hữu, đã quy hoạch hẻm rộng và đẹp, hẻm bê tông - xe hơi thông tứ phía. Kính doanh buôn bán sầm uất.. + Nhà cấp 4 kết cấu Phòng khách, 2 pn - bếp, sơn sửa lại chút là đẹp long lanh, sân vườn trước sau rộng rãi... + Khu vực nhiều tiện ích, dân trí văn hóa, kinh doanh đa ngành nghề, ngay kho C Nhà Bè + Phù hợp khách đầu tư, mua ở, kinh doanh, xây biệt thự mini hoặc CHDV cho thuê có dòng tiền thu nhập + Pháp lý sạch, sổ hồng vuông đét, công chứng ngay.Liên hệ em ngay. 0823413838",6 tỷ 500 triệu
21637359,21/07/2022,"Nguyễn Bình, Xã Nhơn Đức, Huyện Nhà Bè, TPHCM",40 m2,"28 m2 (3,9x7,8)",2,1,Sổ hồng,"chủ ngộp. bán gấp nhà cấp 4. nhơn đức. nhà bè ... hẻm xe tải đậu trước nhà. Pháp lý sổ hồng riêng Diện tích trên sổ 3.9 * 7.8. diện tích hiện trạng đang sử dụng 3.9 * 12m... ⚡️ Giá bán gấp 2.5tỷ ... tiện ích: nằm cạnh công an xã nhơn đức, gần các trường mầm non. cấp 1 . cấp 2 ..vvv.. khu vực an ninh tuyệt đối . anh chị nhanh tay gọi ngay cho em sem nhà 0823413838...",2 tỷ 500 triệu
21674579,21/07/2022,"Huỳnh Tấn Phát, Xã Phú Xuân, Huyện Nhà Bè, TPHCM",80 m2,80 m2 (5x16),4,5,Sổ hồng,MẶT TIỀN KHU ANH TUẤN NHÀ BÈ —Dt 5x16 trệt 2 lầu sân thượng chuồng cu .4pn -1pt -5wc ( đặc biệt có hai phòng bếp đầy đủ tiện nghi dưới trệt và trên sân thượng)—sân đâu 🚗 phòng khách bếp rộng rãi .—phun nội thất cao cấp :—sổ Hồng hoàn công đầy đủ — hỗ trợ vay ngân hàng —Giá 8ty690( thương lượng) Lh 0823413838 ( Danh),8 tỷ 690 triệu
21711880,21/07/2022,"Đào Tông Nguyên, Thị Trấn Nhà Bè, Huyện Nhà Bè, TPHCM",200 m2,72 m2 (4x18),4,3,Sổ hồng,"+ DTCN: 64M2, nhưng sử dụng thực tế: 4 x 18 = 72M2.+ Kết cấu: 1 trệt,  2 lầu BTCT rất chắc chắn, thiết kế: 4 phòng ngủ, 4WC riêng biệt từng phòng, nhà bếp rộng, phòng khách rất đẹp, phòng giặt, sân đậu xe hơi. + Nhà mới đẹp thiết kế theo phong cách cổ điển Châu Âu, có  gắn hệ thống camera an ninh.+ Tặng toàn bộ nội thất cao cấp: 2 máy lạnh, tủ lạnh lớn, tivi Samsung 48 inch, bếp âm, bộ salon, giường tủ bàn ghế. + Hẻm xe hơi tránh thông 2 chiều, xe hơi ngủ trong nhà. + Sổ hồng riêng, hoàn công đầy đủ, công chứng ngay.LH hiệp: ĐT &zalo  0899355480 xem nhà.",5 tỷ
21637580,22/05/2022,"Nguyễn Bình, Xã Nhơn Đức, Huyện Nhà Bè, TPHCM",38 m2,"28 m2 (3,9x7,1)",2,1,Sổ hồng,"bán gấp nhà cấp 4, Nhơn Đức, Nhà Bè.Hẻm xe tải đậu trước nhà.Pháp lý sổ hồng riêng.Diện tích trên sổ 3.9 * 7.1m. Diện tích hiện trạng đang sử dụng 3.9 * 10m...Giá bán gấp 2.5 tỷ...Tiện ích: Nằm cạnh công an xã nhơn đức, gần các trường mầm non, cấp 1, cấp 2.... Khu vực an ninh tuyệt đối.Anh chị nhanh tay gọi ngay cho em xem nhà.0965891151",2 tỷ 500 triệu
21558665,24/03/2022,"Lê Văn Lương, Xã Nhơn Đức, Huyện Nhà Bè, TPHCM",63 m2,80 m2 (5x16),3,2,Sổ đỏ,"Cần bán nhà vị trí đẹp5x16, 1 lầu, giá 1,8 tỷXin thông báo khách hàng mua nhàNhà này sổ riêng biệt, không phải đồng sổ hữu-sẽ hỗ trợ vay ngân hàng, cho khách hàng bình thường,chính chủ thương lượng cho khách hàng thiện trí mua.Đất thích hợp cho nhà đầu tư lâu dài sinh lợi caoHợp đồng thanh toán linh hoạt NH hỗ trợ vay 50 - 70%",1 tỷ 800 triệu
21450853,23/03/2022,"Nguyễn Bình, Xã Phú Xuân, Huyện Nhà Bè, TPHCM",,"86 m2 (12x7,6)",4,4,Sổ hồng,"Chưa tới 6tỷ nhà như Biệt thự.. Nhà đúng chỉ 1 sẹt. Ôt ngủ trong nhà.Ko lộ giớiMô tả:🏦 Kết cấu: 1 trệt 2 lầu đúc BTCT kiêng cố giấy phép xây dựng thiết kế chỉnh chu, 4PN, 4WC, 1 Phòng Khách lớn, Bếp lớn,khu vực để oto , hẻm oto đỗ cửa, nhà mới vào ở Ngai.🌟 Tầng 1: 1 phòng khách, Chỗ đậu 🚗, bếp, 1 WC, sân trước trồng cây,🌟 Tầng 2: 2PN, 2WC, 3 Lang cang trước,🌟 Tầng 3: 2PN, 1WC, 2 lang căng trước, 1 sân thượng trồng cây.🏦 Vị trí: Trung tâm văn hoá Ngai đầu hẻm, Cách UBNN Huyện Nhà bè 100m, nhà thiếu nhi, UBMT tổ quốc, Phòng công chứng Nguyễn thị bay,,Bách hoá xanh, phòng gym, chợ, Tiện ích xầm uất quanh nhà..- Pháp lý: Sổ hồng hoàn công đầy đủ, Không lộ giới.MS",5 tỷ 960 triệu
21526903,25/02/2022,"Nhơn Đức, Xã Hiệp Phước, Huyện Nhà Bè, TPHCM",1703 m2,"1747 m2 (4,2x11)",4,3,Giấy tờ hợp lệ,"🇻🇳 NHƠN ĐỨC  - NHÀ BÈ!!!🌹Chính  chủ bán nhà đsh hẻm 755 Nguyễn Bình  ,Nhơn Đức, Nhà Bè🔥 4 ,2 x11m - 2 lầu, 4 pn , 3wcsân rộng để xe thoải mái ,hẻm xe hơi🇻🇳Giá : 2tỷ 250 triệu ( có Tl) cho  ACE thiện chí Mua bán công chứng ủy quyền, giữ sổ chính.",2 tỷ 250 triệu
21481604,16/12/2021,"Huỳnh Tấn Phát, Thị Trấn Nhà Bè, Huyện Nhà Bè, TPHCM",73 m2,30 m2 (3x10),3,3,Sổ hồng,"nhà bán hẻm 5m 2221 huỳnh tấn phát tt phú xuân nhà bè-Nhà hẻm 2221 Huỳnh Tấn Phát ngay thị trấn Nhà Bè- Hẻm trước nhà 5m thoáng mát yên tĩnh nằm trong khu dân cư hiện hữu gần chợ, trường học và siêu thị- Dt: 3m x 9,5m gồm 1 trệt 1 lửng 1 lầu, 3PN và 2 WC- Sổ hồng riêng ĐSH 2 căn, hoàn công và cam kết đầy đủ. Công chứng mua bán hoặc ủy quyền đều được -Cho tặng nội thất giống như hình - Giá : 2 tỷ 150T ( thương lượng )  lh 0933814779",2 tỷ 150 triệu
21387560,15/12/2021,"Huỳnh Tấn Phát, Thị Trấn Nhà Bè, Huyện Nhà Bè, TPHCM",,64 m2 (4x16),4,5,Sổ hồng,"Liên hệ Cúc : 0902473877 . Chuyên nhà phố Nhà BèBiệt thự Tân Cổ Điển đường 10m Khu Sài Gòn MớiHuỳnh Tấn Phát, thị trấn Nhà Bè. ==== Giá: 6ty300tr ===- Diện tích: 4m x 16m. - Kết cấu 3 tầng sân thượng trước sau.- Với 4pn, 5 tolet riêng biệt, phòng thờ sân phơi.nhà đang hoàn thiện , nội thất đầy đủ gồm, sofa, tivi, bàn ăn, tủ lạnh, bếp từ, máy hút, 3 cái máy lạnh...- Nhà xây kiên cố cộc ép bê tông, thiết kế tân cổ điển.- tiện ích xong quanh khá nhiều như trường học, hồ bơi, quán xá cfe đầy đủ...- Sổ hồng riêng hoàn công đầy đủ, hỗ trợ khách mua vay ngân hàng 70% giá trị.Liên hệ Cúc : 0902473877 . Chuyên nhà phố Nhà Bè",6 tỷ 300 triệu
21455038,23/11/2021,"Ngô Quang Thắm, Xã Phước Kiển, Huyện Nhà Bè, TPHCM",200 m2,200 m2 (12x17),1,1,Sổ hồng,"- Đường Ngô Quang Thắm - Diện tích 200m2, có 80m2 thổ cư- Là trục đường chính kết nối giữa Nguyễn Hữu Thọ và Lê Văn Lương- Đường Ngô Quang Thắm rộng 30m nhựa- Là khu đang phát triển rất mạnh khu vực hướng nam, rất nhiều tiềm năng để các khu phát triển- Kết nối cảng Long Hậu,khu công nghiệp Long an có sẵn và đang được phát triển.",1 tỷ 100 triệu
21453297,20/11/2021,"Đào Tông Nguyên, Thị Trấn Nhà Bè, Huyện Nhà Bè, TPHCM",64 m2,72 m2 (4x16),4,4,Sổ hồng,"✨✨✨NHÀ ĐẸP ĐÀO TÔNG NGUYÊN - NHÀ BÈ - KHU DÂN CƯ SÀI GÒN MỚI NHIỀU NHÀ CAO TẦNG ĐỒNG BỘ - ĐƯỜNG NỘI BỘ 6M THÔNG HAI CHIỀU - XE HƠI NGỦ TRONG NHÀ - TẶNG TOÀN BỘ NỘI THẤT CAO CẤP.✨✨✨Đường Đào Tông Nguyên Khu phố 7 Thị trấn Nhà Bè Huyện Nhà Bè Diện tích 64/72m2, 3 Tầng, Ngang 4m, Dài 16mGIÁ CHỈ 4.95 TỶ Mô tả:+ DTCN: 64M2, nhưng sử dụng thực tế: 4 x 18 = 72M2.+ Kết cấu: 1 trệt, 2 lầu BTCT rất chắc chắn, thiết kế: 4 phòng ngủ, 4WC riêng biệt từng phòng, nhà bếp rộng, phòng khách rất đẹp, phòng giặt, sân đậu xe hơi. + Nhà mới đẹp thiết kế theo phong cách cổ điển Châu Âu, có gắn hệ thống camera an ninh.+ Tặng toàn bộ nội thất cao cấp: 2 máy lạnh, tủ lạnh lớn, tivi Samsung 48 inch, bếp âm, bộ salon, giường tủ bàn ghế. + Hẻm xe hơi tránh thông 2 chiều, xe hơi ngủ trong nhà. + Sổ hồng riêng, hoàn công đầy đủ, công chứng ngay.Tiện ích :+ Gần UBND Nhà Bè + Gần Khu Đô Thị Vạn Phát Hưng , Khu Dân Cư Phú Xuân, Khu dân cư Cotec.LH 0909027252. (9)",4 tỷ 950 triệu
21387034,01/10/2021,"Lê Văn Lương, Xã Nhơn Đức, Huyện Nhà Bè, TPHCM",,60 m2 (4x15),3,2,Sổ hồng,"Liên hệ Cúc : 0902473877 . Chuyên nhà phố Nhà BèNhà mới xây khu nhà lầu khu dân cư Hoàng Hoa, xã Long Hậu . Đường trước mặt 8m . Lê Văn Lương nối dài gần KCN Long Hậu Diện tích : 4.3 x 15 , kết cấu 1 trệt , 1 lầu , 3 phòng ngủ , 2wc.Pháp lý : Sổ Hồng riêng hỗ trợ vay bank 70% Giá bán : 2ty750 triệu Liên hệ Cúc : 0902473877 . Chuyên nhà phố Nhà Bè",2 tỷ 750 triệu
21361241,14/08/2021,"Huỳnh Tấn Phát, Thị Trấn Nhà Bè, Huyện Nhà Bè, TPHCM",233 m2,"91 m2 (5x18,3)",6,7,Sổ hồng,"BÁN NHÀ HẺM XE HƠI TRUNG TÂM THỊ TRẤN HUYỆN NHÀ BÈ- Diện tích: 91.5m2 (5mx18.37m), diện tích sử dụng 233.8m2.- Kết cấu: 1 trệt 2 lầu + sân thượng, gồm 6 phòng ngủ, 7 nhà vệ sinh, bếp và phòng khách, ban công thoáng mát.- Xung quanh có các tiện ích như: Trường học Mầm non, Trường Cấp 1, cấp 2, Ngân Hàng... Trạm Y tế Thị Trấn Nhà Bè, Bưu điện,Thế Giới di động, FPT shop, trung tâm văn hoá thể dục thể thao, chợ Phú xuân, Bách Hoá xanh ..v.v...., cùng với nhiều tiện ích vui chơi giải trí khác- Vị trí thuận lợi qua các tuyến đường: Huỳnh Tấn Phát, Phạm Hữu Lầu, Nguyễn Bình, Nguyễn Hữu Thọ, Nguyễn Lương Bằng , Nguyễn Văn Linh Khu Phú Mỹ Hưng Và các quận 7, 8, 4 , 1, 5- Giá còn thương lượng cho khách mua thiện chí.- Hẻm xe hơi, khu an ninh. không ngập nước. Thích hợp gia đình mua ở lâu dài hoặc đầu tư. Sổ hồng riêng. Chính chủ. Mua vào ở ngay. Giao dịch an toàn.",7 tỷ 900 triệu
21347479,05/07/2021,"Lê Văn Lương, Xã Nhơn Đức, Huyện Nhà Bè, TPHCM","168,6 m2","168,6 m2 (5,5x29)",1,1,Sổ hồng,"- diện tích 5,5m x 29m, sổ hồng 168,6m2 - giá 3 tỷ 950 ( 23,5 triệu/1m2) - hẻm 6m, 2 xe hơi tránh nhau, cách Lê Văn Lương 100m - số 1959/ Lê Văn Lương, Nhơn Đức,  Nhà Bè",3 tỷ 950 triệu
21207530,03/06/2021,"Lê Văn Lương, Xã Nhơn Đức, Huyện Nhà Bè, TPHCM",160 m2,81 m2 (5x16),4,5,Sổ hồng,"Nhà bán sổ hồng riêng biệt như hình, tại hẻm 1527 đường lê văn lương.- dt 5x16m. kết cấu xây 1 trệt 2 lầu với 4 phòng ngủ và 3 phòng tắm. - mặt tiền hẻm chính 12m. cách đường chính lê văn lương 100m. xe hơi vào nhà. - sổ hồng riêng biệt đã hoàn công, mua bán công chứng sang tên trong ngày. - giá bán 4 tỷ 750 triệu. bớt lộc khách thiện chí. - tiện ích sung quanh đầy đủ, khu dân cư hiện hữu, thích hợp gia đình mua ở, định cư lâu dài.",4 tỷ 750 triệu
21086087,13/01/2021,"Nguyễn Hữu Thọ, Xã Phước Kiển, Huyện Nhà Bè, TPHCM",58 m2,62 m2 (4x15),2,1,Hợp đồng mua bán,"Căn hộ 2 phòng ngủ, 1wcDiện tích: 62m2.Tầng cao view đẹp gió mát quanh năm.Tiện ích: hồ bơi chân mây 2000m2, phòng gym, công viên rộng rãi thoáng mát, siêu thi tiện lợi, shop thời trang,...Đ/c: 12 nguyễn hữu thọ, phước kiển, nhà bè,.....Lh: 0798067909 Ngân xem nhà mọi lúc.",1 tỷ 750 triệu
21152002,06/01/2021,"Huỳnh Tấn Phát, Thị Trấn Nhà Bè, Huyện Nhà Bè, TPHCM",160 m2,50 m2 (4x13),4,5,Sổ hồng,"Chỉ còn 2 căn cuối cùng HOT nhất thị trường !!! Nhà mặt tiền đường nhựa 6m, Huỳnh Tấn Phát, Nhà Bè.Khu dân trí cao cấp, đồng bộ, gần chợ, trường học...THÔNG TIN & HÌNH ẢNH THẬT 100%- Diện tích: 4 X 12.5m- Kết cấu: 3 tầng + sân thượng mái đúc.Với 4pn, 5wc, 1 phòng thờ, sân thượng trước để trồng cây, sân thượng sau để phơi đồ rộng rãi, thoải mái. Toàn bộ nhà dùng trang thiệt bị nội thất cao cấp.- Nhà có chỗ đậu xe hơi rộng rãi- Đường nhựa 6m, xe hơi xe tải ra vào tận nơi.- Thiết bị điện thông minh có thể điều khiển điện, cửa cuốn... bằng điện thoại, ipad- Tiện ích gần siêu thị Điện Máy Xanh, TGDD, công an, UBND, trạm y tế đầy đủ, trường học... - Thuộc khu dân cư Sài Gòn Mới, là khu dân cư đồng bộ rất đẹp và an ninh,đường Huỳnh Tấn Phát, Phú Xuân, Nhà Bè.- Sổ hồng riêng, hoàn công đầy đủGIÁ bán : 4 tỷ 500( Thương Lượng với khách thiện chí ) Liên Hệ Chính Chủ : 0902 775 855",4 tỷ 500 triệu
