Ma_BDS,Ngay_dang,So_phong_ngu,So_nha_tam,Duong,Phuong,Quan,Thanh_pho,Dien_tich_su_dung,Dien_tich_dat,Chieu_dai,Chieu_rong,Gia_ban
22602018,03/08/2025,4.0,4.0,Bùi Tư Toàn, Phường An Lạc, Quận Bình Tân, TPHCM,400.0,138.0,18.0,8.0,9500000000.0
22650278,03/08/2025,4.0,4.0,Đường số 5, Phường An Lạc, Quận Bình Tân, TPHCM,245.0,170.0,17.0,10.0,19000000000.0
22689614,03/08/2025,4.0,5.0,Đường 28, Phường Bình Trị Đông B, Quận Bình Tân, TPHCM,228.0,184.0,18.4,10.0,25500000000.0
22690892,03/08/2025,4.0,6.0,Đường số 2, Phường An Lạc, Quận Bình Tân, TPHCM,700.0,210.0,25.0,4.2,17000000000.0
22696547,03/08/2025,4.0,3.0,An Dương Vương, Phường An Lạc, Quận Bình Tân, TPHCM,250.0,142.0,20.0,7.0,11000000000.0
22092923,03/08/2025,5.0,5.0,Đường số 33A, Phường Bình Trị Đông B, Quận Bình Tân, TPHCM,,700.0,27.0,25.0,65000000000.0
20486055,03/08/2025,6.0,6.0,Đường số 33B, Phường Bình Trị Đông B, Quận Bình Tân, TP.HCM,200.0,160.0,20.0,8.0,21000000000.0
21584827,03/08/2025,6.0,3.0,Đường số 1B, Phường Bình Trị Đông B, Quận Bình Tân, TPHCM,,250.0,25.0,10.0,33300000000.0
21562342,03/08/2025,8.0,4.0,Đường số 7, Phường Bình Trị Đông B, Quận Bình Tân, TPHCM,,200.0,20.0,10.0,52000000000.0
21696168,03/08/2025,4.0,3.0,Đường số 32, Phường Bình Trị Đông B, Quận Bình Tân, TPHCM,,200.0,20.0,10.0,22500000000.0
21734390,03/08/2025,6.0,4.0,Đường số 49B, Phường Tân Tạo, Quận Bình Tân, TPHCM,,400.0,20.0,20.0,36500000000.0
22285510,03/08/2025,4.0,4.0,đường số 19D, Phường Bình Trị Đông B, Quận Bình Tân, TPHCM,,200.0,20.0,10.0,23500000000.0
21793949,03/08/2025,6.0,3.0,Đường số 26, Phường Bình Trị Đông B, Quận Bình Tân, TPHCM,,160.0,20.0,8.0,18300000000.0
22224518,03/08/2025,5.0,4.0,Đường số 6, Phường Bình Trị Đông B, Quận Bình Tân, TPHCM,,160.0,20.0,8.0,18500000000.0
21586581,03/08/2025,6.0,3.0,Đường số 21B, Phường Bình Trị Đông B, Quận Bình Tân, TPHCM,,180.0,22.5,8.0,25000000000.0
21845452,03/08/2025,6.0,3.0,Đường số 5, Phường Bình Trị Đông B, Quận Bình Tân, TPHCM,,120.0,20.0,6.0,31500000000.0
22092924,03/08/2025,4.0,5.0,Đường số 28, Phường Bình Trị Đông B, Quận Bình Tân, TPHCM,,185.0,18.5,10.0,23000000000.0
22092939,03/08/2025,7.0,7.0,Đường số 19, Phường Bình Trị Đông B, Quận Bình Tân, TPHCM,,180.0,20.0,9.0,45000000000.0
21586559,03/08/2025,6.0,3.0,Đường số 21B, Phường Bình Trị Đông B, Quận Bình Tân, TPHCM,,180.0,22.5,8.0,33000000000.0
22224520,03/08/2025,5.0,5.0,Đường số 34A, Phường Bình Trị Đông B, Quận Bình Tân, TPHCM,,200.0,23.0,10.0,23900000000.0
21575003,03/08/2025,8.0,3.0,Đường số 19, Phường Bình Trị Đông B, Quận Bình Tân, TPHCM,,200.0,20.0,10.0,42000000000.0
21802762,03/08/2025,6.0,3.0,Đường số 19, Phường Bình Trị Đông B, Quận Bình Tân, TPHCM,,190.0,19.0,10.0,25900000000.0
21586624,03/08/2025,6.0,3.0,Đường số 13, Phường Bình Trị Đông B, Quận Bình Tân, TPHCM,,160.0,20.0,8.0,18800000000.0
21574976,03/08/2025,8.0,4.0,Đường số 1B, Phường Bình Trị Đông B, Quận Bình Tân, TPHCM,,250.0,25.0,10.0,33300000000.0
21753111,03/08/2025,6.0,3.0,Đường số 10, Phường Bình Trị Đông B, Quận Bình Tân, TPHCM,,400.0,20.0,20.0,42000000000.0
21586602,03/08/2025,6.0,3.0,Đường số 28, Phường Bình Trị Đông B, Quận Bình Tân, TPHCM,,185.0,18.5,10.0,25000000000.0
21574985,03/08/2025,8.0,3.0,Đường số 13C, Phường Bình Trị Đông B, Quận Bình Tân, TPHCM,,260.0,26.0,10.0,35000000000.0
21597193,03/08/2025,6.0,3.0,Nguyễn Thức Tự, Phường An Lạc A, Quận Bình Tân, TPHCM,,107.0,26.0,4.1,11200000000.0
22700843,02/08/2025,10.0,11.0,Đường số 4, Phường Bình Trị Đông B, Quận Bình Tân, TPHCM,460.0,160.0,20.0,8.0,24000000000.0
22678229,02/08/2025,4.0,5.0,Đường số 3, Phường Bình Trị Đông B, Quận Bình Tân, TPHCM,290.0,215.0,21.5,10.0,25500000000.0
22683060,02/08/2025,4.0,5.0,Đường số 18, Phường Bình Trị Đông B, Quận Bình Tân, TPHCM,210.0,160.0,20.0,8.0,18500000000.0
22626097,02/08/2025,5.0,4.0,Đường số 21, Phường Bình Trị Đông B, Quận Bình Tân, TPHCM,220.0,102.0,13.0,8.0,14500000000.0
22650312,02/08/2025,4.0,4.0,Đường số 19E, Phường Bình Trị Đông B, Quận Bình Tân, TPHCM,350.0,190.0,19.0,10.0,24000000000.0
22470121,03/08/2025,4.0,4.0,Khiếu Năng Tĩnh, Phường An Lạc A, Quận Bình Tân, TPHCM,750.0,250.0,33.0,7.6,20500000000.0
22700100,02/08/2025,10.0,10.0,Đường số 17B, Phường Bình Trị Đông B, Quận Bình Tân, TPHCM,,100.0,20.0,5.0,12700000000.0
22700489,02/08/2025,4.0,4.0,Trần Văn Giàu, Phường Tân Tạo, Quận Bình Tân, TPHCM,,150.0,13.0,12.0,11800000000.0
22698435,01/08/2025,7.0,8.0,Tân Kỳ Tân Quý, Phường Bình Hưng Hòa, Quận Bình Tân, TPHCM,180.0,173.0,18.0,10.0,19000000000.0
22695455,01/08/2025,6.0,5.0,Đường 21, Phường Bình Trị Đông B, Quận Bình Tân, TPHCM,180.0,180.0,20.0,9.0,31000000000.0
22567446,30/07/2025,3.0,4.0,Trần Văn Giàu, Phường Bình Hưng Hòa A, Quận Bình Tân, TPHCM,240.0,85.0,17.0,5.0,6900000000.0
22684262,07/07/2025,4.0,5.0,Đường số 3A, Phường Bình Trị Đông B, Quận Bình Tân, TPHCM,,215.0,21.5,10.0,27500000000.0
22676885,07/07/2025,5.0,6.0,Đường số 28, Phường Bình Trị Đông B, Quận Bình Tân, TPHCM,,185.0,18.5,10.0,25500000000.0
22661805,07/07/2025,5.0,5.0,Đường số 7A, Phường Bình Trị Đông B, Quận Bình Tân, TPHCM,,218.0,21.8,10.0,35000000000.0
22661659,07/07/2025,4.0,5.0,Đường số 18, Phường Bình Trị Đông B, Quận Bình Tân, TPHCM,,160.0,20.0,8.0,19500000000.0
22661677,07/07/2025,4.0,5.0,Đường số 5, Phường Bình Trị Đông B, Quận Bình Tân, TPHCM,,160.0,20.0,8.0,29800000000.0
22685399,07/07/2025,5.0,6.0,Tên Lửa, Phường Bình Trị Đông B, Quận Bình Tân, TPHCM,500.0,270.0,20.0,14.0,29000000000.0
21945737,26/06/2025,5.0,4.0,Đường số 21B, Phường Bình Trị Đông B, Quận Bình Tân, TPHCM,500.0,186.0,23.5,8.0,29000000000.0
22508742,26/06/2025,5.0,3.0,Đường số 33B, Phường Bình Trị Đông B, Quận Bình Tân, TPHCM,1000.0,720.0,30.0,24.5,53500000000.0
22652080,29/05/2025,5.0,6.0,Tên Lửa, Phường Bình Trị Đông B, Quận Bình Tân, TPHCM,334.0,297.0,25.0,12.0,39500000000.0
22618509,29/05/2025,8.0,5.0,Đường số 7A, Phường Bình Trị Đông B, Quận Bình Tân, TPHCM,515.0,400.0,20.0,20.0,45500000000.0
22659512,29/05/2025,4.0,5.0,Tên Lửa, Phường Bình Trị Đông B, Quận Bình Tân, TPHCM,360.0,160.0,20.0,8.0,19000000000.0
22659912,29/05/2025,5.0,6.0,Tên Lửa, Phường Bình Trị Đông B, Quận Bình Tân, TPHCM,600.0,300.0,25.0,12.0,35500000000.0
22680009,12/05/2025,4.0,4.0,Đường số 13C, Phường Bình Trị Đông B, Quận Bình Tân, TPHCM,,240.0,20.0,12.0,38000000000.0
22671417,12/04/2025,5.0,5.0,Ấp Chiến Lược, Phường Bình Hưng Hòa A, Quận Bình Tân, TPHCM,900.0,235.0,28.0,8.0,29000000000.0
22668954,26/03/2025,5.0,5.0,Quốc Lộ 1A, Phường Bình Hưng Hòa B, Quận Bình Tân, TPHCM,270.0,54.0,13.3,4.0,6200000000.0
22664068,22/02/2025,5.0,5.0,Đường số 6, Phường Bình Hưng Hòa B, Quận Bình Tân, TPHCM,64.0,64.0,16.0,4.0,6500000000.0
22662808,14/02/2025,4.0,6.0,Lê Văn Quới, Phường Bình Trị Đông, Quận Bình Tân, TPHCM,450.0,58.0,14.5,4.0,7200000000.0
22653461,09/02/2025,5.0,6.0,Gò Xoài, Phường Bình Hưng Hòa A, Quận Bình Tân, TPHCM,230.0,70.0,17.0,4.1,6800000000.0
22553822,06/02/2025,6.0,4.0,Đường 19A, Phường Bình Trị Đông B, Quận Bình Tân, TPHCM,250.0,190.0,19.0,10.0,24800000000.0
22646201,06/02/2025,8.0,8.0,Đường 34, Phường Bình Trị Đông B, Quận Bình Tân, TPHCM,220.0,220.0,22.0,10.0,35000000000.0
22646720,06/02/2025,8.0,8.0,Đường số 1, Phường Bình Trị Đông B, Quận Bình Tân, TPHCM,238.0,238.0,20.0,12.0,35000000000.0
22639026,06/02/2025,12.0,12.0,Đường 2B, Phường An Lạc A, Quận Bình Tân, TPHCM,270.0,270.0,20.0,14.0,29900000000.0
22611338,06/02/2025,6.0,7.0,Đường số 33B, Phường Bình Trị Đông B, Quận Bình Tân, TPHCM,713.0,713.0,31.0,24.0,53000000000.0
22658170,09/01/2025,5.0,4.0,Mã Lò, Phường Bình Trị Đông A, Quận Bình Tân, TPHCM,53.0,53.0,13.5,4.0,6500000000.0
22639563,24/12/2024,3.0,3.0,Kinh Dương Vương, Phường An Lạc, Quận Bình Tân, TPHCM,,171.0,13.0,13.0,14000000000.0
22608231,17/12/2024,6.0,5.0,Đường số 13, Phường Bình Trị Đông B, Quận Bình Tân, TPHCM,,200.0,20.0,10.0,41500000000.0
22598860,17/12/2024,5.0,5.0,Đường số 7A, Phường Bình Trị Đông B, Quận Bình Tân, TPHCM,,452.0,21.0,21.0,45000000000.0
22598850,17/12/2024,5.0,5.0,Đường số 8B, Phường Bình Trị Đông B, Quận Bình Tân, TPHCM,,400.0,20.0,20.0,48000000000.0
22598641,17/12/2024,5.0,5.0,Đường số 5, Phường An Lạc A, Quận Bình Tân, TPHCM,,160.0,20.0,8.0,25000000000.0
22598872,17/12/2024,5.0,5.0,Đường số 33A, Phường Bình Trị Đông B, Quận Bình Tân, TPHCM,,405.0,27.0,15.0,26700000000.0
22598867,17/12/2024,5.0,5.0,Đường số 32, Phường Bình Trị Đông B, Quận Bình Tân, TPHCM,,200.0,20.0,10.0,33000000000.0
22591876,17/12/2024,6.0,6.0,Đường số 32, Phường Bình Trị Đông B, Quận Bình Tân, TPHCM,,200.0,20.0,10.0,33000000000.0
22591869,17/12/2024,7.0,7.0,Đường số 7A, Phường Bình Trị Đông B, Quận Bình Tân, TPHCM,,451.5,21.5,21.0,45000000000.0
22591853,17/12/2024,6.0,6.0,Đường số 8B, Phường Bình Trị Đông B, Quận Bình Tân, TPHCM,,400.0,20.0,20.0,48000000000.0
22591835,17/12/2024,5.0,5.0,Đường số 5, Phường An Lạc A, Quận Bình Tân, TPHCM,,160.0,20.0,8.0,25500000000.0
22591790,17/12/2024,5.0,5.0,Đường số 18, Phường Bình Trị Đông B, Quận Bình Tân, TPHCM,,336.0,21.0,16.0,38000000000.0
22591750,17/12/2024,5.0,5.0,Đường số 22, Phường Bình Trị Đông B, Quận Bình Tân, TPHCM,,178.0,18.0,10.0,34000000000.0
22591744,17/12/2024,5.0,5.0,Đường số 13C, Phường Bình Trị Đông B, Quận Bình Tân, TPHCM,,240.0,20.0,12.0,40000000000.0
22591728,17/12/2024,6.0,6.0,Đường số 6, Phường Bình Trị Đông B, Quận Bình Tân, TPHCM,,200.0,20.0,10.0,42000000000.0
22589736,17/12/2024,6.0,5.0,Đường số 6, Phường Bình Trị Đông B, Quận Bình Tân, TPHCM,,200.0,20.0,10.0,41000000000.0
22598926,17/12/2024,5.0,5.0,Đường số 2, Phường An Lạc A, Quận Bình Tân, TPHCM,,240.0,19.0,12.0,40000000000.0
22598919,17/12/2024,5.0,5.0,Đường 7A, Phường Bình Trị Đông B, Quận Bình Tân, TPHCM,,218.0,21.8,10.0,35000000000.0
22598907,17/12/2024,5.0,5.0,Vành Đai Trong, Phường Bình Trị Đông B, Quận Bình Tân, TPHCM,,300.0,24.0,12.0,67000000000.0
22598914,17/12/2024,5.0,5.0,Đường số 5, Phường Bình Trị Đông B, Quận Bình Tân, TPHCM,,200.0,20.0,10.0,35000000000.0
22598898,17/12/2024,5.0,5.0,Đường số 33B, Phường Bình Trị Đông B, Quận Bình Tân, TPHCM,,656.0,27.0,24.0,53000000000.0
22598890,17/12/2024,5.0,5.0,Đường số 3A, Phường Bình Trị Đông B, Quận Bình Tân, TPHCM,,440.0,22.0,20.0,90000000000.0
22598893,17/12/2024,5.0,5.0,Đường số 34A, Phường Bình Trị Đông B, Quận Bình Tân, TPHCM,,227.0,22.7,10.0,24500000000.0
22598886,17/12/2024,5.0,5.0,Đường số 21B, Phường Bình Trị Đông B, Quận Bình Tân, TPHCM,,180.0,22.5,8.0,27000000000.0
22598877,17/12/2024,5.0,5.0,Đường số 11, Phường Bình Hưng Hòa, Quận Bình Tân, TPHCM,,105.0,14.0,7.5,12900000000.0
22588909,17/12/2024,5.0,5.0,Đường 19C, Phường Bình Trị Đông B, Quận Bình Tân, TPHCM,,200.0,20.0,10.0,24000000000.0
22604254,17/12/2024,7.0,7.0,Đường số 19, Phường Bình Trị Đông B, Quận Bình Tân, TPHCM,,180.0,20.0,9.0,38000000000.0
22598875,17/12/2024,5.0,5.0,Đường số 5, Phường Bình Trị Đông B, Quận Bình Tân, TPHCM,,500.0,24.0,20.0,100000000000.0
22597848,17/12/2024,5.0,5.0,Đường số 18, Phường Bình Trị Đông B, Quận Bình Tân, TPHCM,,336.0,21.0,16.0,38000000000.0
22597838,17/12/2024,5.0,5.0,Đường số 32A, Phường Bình Trị Đông B, Quận Bình Tân, TPHCM,,200.0,20.0,10.0,24000000000.0
22601322,17/12/2024,5.0,5.0,Đường số 57, Phường Tân Tạo, Quận Bình Tân, TPHCM,,200.0,20.0,10.0,21500000000.0
22601317,17/12/2024,5.0,5.0,Đường số 7, Phường Bình Trị Đông B, Quận Bình Tân, TPHCM,,195.0,19.5,10.0,60000000000.0
22601309,17/12/2024,5.0,5.0,Đường số 34, Phường Bình Trị Đông B, Quận Bình Tân, TPHCM,,235.0,23.5,10.0,80000000000.0
22601304,17/12/2024,5.0,5.0,Đường số 57A, Phường An Lạc, Quận Bình Tân, TPHCM,,200.0,20.0,10.0,18900000000.0
22601297,17/12/2024,5.0,5.0,Đường số 3A, Phường Bình Trị Đông B, Quận Bình Tân, TPHCM,,200.0,20.0,10.0,33000000000.0
22601294,17/12/2024,5.0,5.0,Đường 4A, Phường An Lạc A, Quận Bình Tân, TPHCM,,232.0,29.0,8.0,23000000000.0
22601282,17/12/2024,7.0,7.0,Đường số 19, Phường Bình Trị Đông B, Quận Bình Tân, TPHCM,,200.0,20.0,10.0,45000000000.0
22601276,17/12/2024,5.0,5.0,Đường số 13C, Phường Bình Trị Đông B, Quận Bình Tân, TPHCM,,270.0,27.0,10.0,33000000000.0
22601268,17/12/2024,5.0,5.0,Đường số 57, Phường Tân Tạo, Quận Bình Tân, TPHCM,,220.0,20.0,11.0,30000000000.0
22601263,17/12/2024,4.0,4.0,Đường số 36, Phường Bình Trị Đông B, Quận Bình Tân, TPHCM,,192.5,17.5,11.0,28000000000.0
22601257,17/12/2024,5.0,5.0,Kinh Dương Vương, Phường An Lạc A, Quận Bình Tân, TPHCM,,400.0,40.0,10.0,35000000000.0
22589619,17/12/2024,5.0,5.0,Đường số 32, Phường Bình Trị Đông B, Quận Bình Tân, TPHCM,,200.0,20.0,10.0,40500000000.0
22589605,17/12/2024,5.0,5.0,Đường 13, Phường An Lạc A, Quận Bình Tân, TPHCM,,160.0,20.0,8.0,19500000000.0
22588980,17/12/2024,5.0,5.0,Đường số 18, Phường Bình Trị Đông B, Quận Bình Tân, TPHCM,,160.0,20.0,8.0,19700000000.0
22588962,17/12/2024,5.0,5.0,Đường số 28, Phường Bình Trị Đông B, Quận Bình Tân, TPHCM,,185.0,18.5,10.0,22700000000.0
22589029,17/12/2024,6.0,5.0,Đường số 5C, Phường Bình Hưng Hòa B, Quận Bình Tân, TPHCM,,380.0,19.0,20.0,29500000000.0
22588952,17/12/2024,5.0,5.0,Đường số 6, Phường Bình Trị Đông B, Quận Bình Tân, TPHCM,,120.0,12.0,10.0,12800000000.0
22588943,17/12/2024,6.0,6.0,Đường số 57A, Phường Tân Tạo, Quận Bình Tân, TPHCM,,240.0,24.0,10.0,28500000000.0
22571833,17/12/2024,5.0,5.0,Đường 34A, Phường Bình Trị Đông B, Quận Bình Tân, TPHCM,227.0,227.0,22.7,10.0,24500000000.0
22591780,17/12/2024,5.0,5.0,Đường số 32A, Phường Bình Trị Đông B, Quận Bình Tân, TPHCM,,200.0,20.0,10.0,24000000000.0
22601250,17/12/2024,5.0,5.0,Đường số 34A, Phường Bình Trị Đông B, Quận Bình Tân, TPHCM,,188.0,19.0,10.0,19500000000.0
22601247,17/12/2024,5.0,5.0,Đường số 19A, Phường Bình Trị Đông B, Quận Bình Tân, TPHCM,,190.0,19.0,10.0,25000000000.0
22599314,17/12/2024,5.0,5.0,Đường số 10, Phường Bình Trị Đông B, Quận Bình Tân, TPHCM,,200.0,20.0,10.0,29500000000.0
22633734,18/10/2024,6.0,6.0,Đường 12A, Phường Bình Hưng Hòa B, Quận Bình Tân, TPHCM,450.0,450.0,18.0,25.0,34000000000.0
22624184,15/10/2024,5.0,5.0,Hương Lộ 2, Phường Bình Trị Đông, Quận Bình Tân, TPHCM,,144.0,18.0,8.0,10600000000.0
22624661,14/10/2024,3.0,3.0,Đường số 5, Phường An Lạc, Quận Bình Tân, TPHCM,244.0,169.0,18.0,10.0,19000000000.0
22620242,06/10/2024,5.0,5.0,Khiếu Năng Tĩnh, Phường An Lạc A, Quận Bình Tân, TPHCM,,115.0,23.0,5.0,11500000000.0
22391172,05/10/2024,4.0,5.0,Đường số 22, Phường Bình Trị Đông B, Quận Bình Tân, TPHCM,,200.0,20.0,10.0,34000000000.0
22559240,05/10/2024,4.0,5.0,Đường số 32, Phường Bình Trị Đông B, Quận Bình Tân, TPHCM,,200.0,20.0,10.0,23000000000.0
22629398,05/10/2024,4.0,5.0,Đường số 28, Phường Bình Trị Đông B, Quận Bình Tân, TPHCM,,185.0,18.5,10.0,23200000000.0
22507376,05/10/2024,5.0,6.0,Đường số 7A, Phường Bình Trị Đông B, Quận Bình Tân, TPHCM,,220.0,22.0,10.0,35000000000.0
22555593,05/10/2024,4.0,5.0,Đường số 8A, Phường Bình Trị Đông B, Quận Bình Tân, TPHCM,,400.0,20.0,20.0,48000000000.0
22568950,05/10/2024,5.0,6.0,Đường số 13C, Phường Bình Trị Đông B, Quận Bình Tân, TPHCM,,240.0,20.0,12.0,38000000000.0
22272817,05/10/2024,4.0,5.0,Đường số 33B, Phường Bình Trị Đông B, Quận Bình Tân, TPHCM,,713.0,27.0,24.3,53000000000.0
22402313,05/10/2024,5.0,5.0,Đường số 10, Phường Bình Trị Đông B, Quận Bình Tân, TPHCM,,200.0,20.0,10.0,27000000000.0
22485131,05/10/2024,5.0,6.0,Đường số 19, Phường Bình Trị Đông B, Quận Bình Tân, TPHCM,,180.0,20.0,9.0,39000000000.0
22618374,31/08/2024,7.0,8.0,Bùi Tư Toàn, Phường An Lạc, Quận Bình Tân, TPHCM,,400.0,20.0,20.0,23000000000.0
22590056,31/08/2024,12.0,8.0,Đường 2B, Phường An Lạc, Quận Bình Tân, TPHCM,1080.0,270.0,20.0,13.5,29900000000.0
22596661,31/08/2024,5.0,4.0,Đường số 21B, Phường Bình Trị Đông B, Quận Bình Tân, TPHCM,,91.0,13.0,8.0,15500000000.0
22594993,31/08/2024,4.0,5.0,Đường 6B, Phường Bình Hưng Hòa B, Quận Bình Tân, TPHCM,,114.0,19.0,6.0,9900000000.0
22595876,31/08/2024,5.0,5.0,Đường số 33B, Phường Bình Trị Đông B, Quận Bình Tân, TPHCM,,713.0,31.0,24.0,53500000000.0
22620549,31/08/2024,5.0,4.0,Đường số 21B, Phường Bình Trị Đông B, Quận Bình Tân, TPHCM,,91.0,13.0,8.0,15500000000.0
22422711,13/08/2024,5.0,6.0,Hương Lộ 2, Phường Bình Trị Đông A, Quận Bình Tân, TPHCM,,58.0,14.5,4.0,6700000000.0
22503622,08/08/2024,5.0,6.0,Đường số 19A, Phường Bình Trị Đông B, Quận Bình Tân, TPHCM,300.0,190.0,19.0,10.0,25000000000.0
22549583,07/08/2024,5.0,6.0,Đường số 32, Phường Bình Trị Đông B, Quận Bình Tân, TPHCM,,200.0,20.0,10.0,33000000000.0
22549613,07/08/2024,4.0,5.0,Đường số 32A, Phường Bình Trị Đông B, Quận Bình Tân, TPHCM,,200.0,20.0,10.0,22500000000.0
22550381,07/08/2024,6.0,6.0,Đường số 7A, Phường Bình Trị Đông B, Quận Bình Tân, TPHCM,,450.0,21.5,21.0,45000000000.0
22550385,07/08/2024,4.0,5.0,Đường số 19A, Phường Bình Trị Đông B, Quận Bình Tân, TPHCM,,190.0,19.0,10.0,25000000000.0
22550391,07/08/2024,4.0,5.0,Đường số 10, Phường Bình Trị Đông B, Quận Bình Tân, TPHCM,,200.0,20.0,10.0,29500000000.0
22550394,07/08/2024,4.0,5.0,Đường số 33A, Phường Bình Trị Đông B, Quận Bình Tân, TPHCM,,270.0,27.0,15.0,26500000000.0
22557701,07/08/2024,4.0,5.0,Đường số 19A, Phường Bình Trị Đông B, Quận Bình Tân, TPHCM,,190.0,19.0,10.0,25000000000.0
22605565,01/08/2024,5.0,5.0,Đường số 30, Phường Bình Trị Đông B, Quận Bình Tân, TPHCM,303.0,200.0,19.0,10.0,40500000000.0
22601313,01/08/2024,5.0,5.0,Đường số 5, Phường Bình Trị Đông B, Quận Bình Tân, TPHCM,,160.0,19.0,8.0,27000000000.0
22592775,01/08/2024,4.0,4.0,Đường 34A, Phường Bình Trị Đông B, Quận Bình Tân, TPHCM,,227.0,22.7,10.0,24500000000.0
22570769,01/08/2024,4.0,4.0,Đường 19A, Phường Bình Trị Đông B, Quận Bình Tân, TPHCM,,190.0,19.0,10.0,24000000000.0
22578550,01/08/2024,6.0,6.0,Đường số 13C, Phường Bình Trị Đông B, Quận Bình Tân, TPHCM,,240.0,20.0,12.0,40000000000.0
22604276,01/08/2024,6.0,6.0,Đường số 33A, Phường Bình Trị Đông B, Quận Bình Tân, TPHCM,,656.0,27.0,24.0,53000000000.0
22550328,01/08/2024,8.0,6.0,Đường 7A, Phường Bình Trị Đông B, Quận Bình Tân, TPHCM,515.0,451.5,21.5,21.0,45000000000.0
22607037,01/08/2024,5.0,5.0,Đường số 10, Phường Bình Trị Đông B, Quận Bình Tân, TPHCM,,200.0,20.0,10.0,27000000000.0
22603545,18/07/2024,4.0,4.0,Tên Lửa, Phường Bình Trị Đông B, Quận Bình Tân, TPHCM,220.0,220.0,27.0,8.0,22500000000.0
22575573,12/07/2024,7.0,7.0,Đường số 28, Phường Bình Trị Đông B, Quận Bình Tân, TPHCM,390.0,190.0,19.0,10.0,25500000000.0
22598471,11/07/2024,6.0,6.0,Hương Lộ 2, Phường Bình Trị Đông A, Quận Bình Tân, TPHCM,108.0,150.0,12.5,12.0,10500000000.0
22573881,09/07/2024,4.0,4.0,Đường 34A, Phường Bình Trị Đông B, Quận Bình Tân, TPHCM,,227.0,22.7,10.0,24500000000.0
22576306,09/07/2024,6.0,6.0,Đường số 18, Phường Bình Trị Đông B, Quận Bình Tân, TPHCM,,168.0,21.0,8.0,21000000000.0
22580083,09/07/2024,8.0,5.0,Đường số 19, Phường Bình Trị Đông B, Quận Bình Tân, TPHCM,,180.0,18.0,9.0,39000000000.0
22573714,27/06/2024,4.0,4.0,Lê Trọng Tấn, Phường Bình Hưng Hòa, Quận Bình Tân, TPHCM,300.0,80.0,14.0,6.0,5500000000.0
22566876,27/06/2024,4.0,4.0,Nguyễn Thị Tú, Phường Bình Hưng Hòa B, Quận Bình Tân, TPHCM,250.0,76.0,19.0,4.0,4750000000.0
22525538,24/06/2024,6.0,7.0,Đường số 5, Phường An Lạc A, Quận Bình Tân, TPHCM,,160.0,20.0,8.0,27000000000.0
22458520,24/06/2024,5.0,5.0,Đường số 5, Phường Bình Trị Đông B, Quận Bình Tân, TPHCM,,200.0,20.0,10.0,35000000000.0
22508938,24/06/2024,5.0,5.0,Đường 33, Phường Bình Trị Đông B, Quận Bình Tân, TPHCM,,750.0,30.0,25.0,55000000000.0
22465017,24/06/2024,4.0,5.0,Đường số 6, Phường Bình Trị Đông B, Quận Bình Tân, TPHCM,,120.0,12.0,10.0,12700000000.0
22463480,24/06/2024,5.0,6.0,Đường số 19, Phường Bình Trị Đông B, Quận Bình Tân, TPHCM,,180.0,20.0,9.0,39000000000.0
22488530,15/06/2024,4.0,3.0,Đường số 6, Phường Bình Hưng Hòa B, Quận Bình Tân, TPHCM,200.0,190.0,19.0,10.0,15500000000.0
22573230,13/06/2024,4.0,5.0,Hương Lộ 2, Phường Bình Trị Đông, Quận Bình Tân, TPHCM,248.0,245.0,24.5,10.0,15000000000.0
22573721,07/06/2024,4.0,4.0,Lê Trọng Tấn, Phường Bình Hưng Hòa, Quận Bình Tân, TPHCM,300.0,80.0,14.0,6.0,5500000000.0
22556710,04/06/2024,4.0,4.0,Quốc Lộ 1A, Phường Bình Hưng Hòa B, Quận Bình Tân, TPHCM,250.0,70.0,15.5,4.5,5100000000.0
22561716,04/06/2024,4.0,4.0,Liên khu 5-6, Phường Bình Hưng Hòa B, Quận Bình Tân, TPHCM,200.0,70.0,14.0,5.0,3300000000.0
22565753,31/05/2024,4.0,4.0,Mã Lò, Phường Bình Hưng Hòa A, Quận Bình Tân, TPHCM,140.0,50.0,12.5,4.0,4750000000.0
22566879,30/05/2024,4.0,4.0,Đường số 5, Phường Bình Hưng Hòa A, Quận Bình Tân, TPHCM,180.0,65.0,16.0,4.0,4950000000.0
22566882,30/05/2024,4.0,4.0,Tân Kỳ Tân Quý, Phường Bình Hưng Hòa, Quận Bình Tân, TPHCM,130.0,50.0,13.0,4.0,4650000000.0
22566015,30/05/2024,5.0,5.0,Hương Lộ 2, Phường Bình Trị Đông A, Quận Bình Tân, TPHCM,260.0,76.0,19.0,4.0,5850000000.0
22566012,25/05/2024,5.0,5.0,Hương Lộ 2, Phường Bình Trị Đông A, Quận Bình Tân, TPHCM,280.0,76.0,19.0,4.0,5900000000.0
22564790,24/05/2024,3.0,2.0,Đường số 8, Phường Bình Hưng Hòa A, Quận Bình Tân, TPHCM,10.0,50.0,10.0,5.0,3600000000.0
22564719,23/05/2024,3.0,2.0,Liên Khu 4-5, Phường Bình Hưng Hòa B, Quận Bình Tân, TPHCM,140.0,70.0,14.0,5.0,5300000000.0
22564724,23/05/2024,2.0,2.0,Liên khu 5-6, Phường Bình Hưng Hòa B, Quận Bình Tân, TPHCM,80.0,40.0,10.0,4.0,3350000000.0
22562971,21/05/2024,4.0,4.0,Phan Đăng Giảng, Phường Bình Hưng Hòa, Quận Bình Tân, TPHCM,216.0,54.0,9.0,6.0,5200000000.0
22561687,19/05/2024,4.0,4.0,Lê Văn Quới, Phường Bình Trị Đông, Quận Bình Tân, TPHCM,150.0,55.0,15.0,4.0,5400000000.0
22561688,19/05/2024,4.0,5.0,Mã Lò, Phường Bình Hưng Hòa A, Quận Bình Tân, TPHCM,300.0,75.0,15.0,5.0,6650000000.0
22561689,19/05/2024,2.0,1.0,Đường số 6, Phường Bình Hưng Hòa B, Quận Bình Tân, TPHCM,80.0,40.0,10.0,4.0,2700000000.0
22561710,19/05/2024,3.0,4.0,Đường số 8, Phường Bình Hưng Hòa B, Quận Bình Tân, TPHCM,180.0,70.0,17.0,4.0,3200000000.0
22561708,19/05/2024,2.0,2.0,Liền Kề 5-6, Phường Bình Hưng Hòa B, Quận Bình Tân, TPHCM,90.0,45.0,12.0,4.0,3100000000.0
22560954,17/05/2024,5.0,6.0,Lê Trọng Tấn, Phường Bình Hưng Hòa, Quận Bình Tân, TPHCM,300.0,55.0,11.0,5.0,6500000000.0
22549590,16/05/2024,2.0,2.0,Đường số 19, Phường Bình Trị Đông B, Quận Bình Tân, TPHCM,,190.0,19.0,10.0,29000000000.0
22549637,16/05/2024,4.0,4.0,Đường 33A, Phường Bình Trị Đông B, Quận Bình Tân, TPHCM,,270.0,27.0,15.0,26500000000.0
22558621,15/05/2024,2.0,2.0,Đường 12, Phường Bình Hưng Hòa, Quận Bình Tân, TPHCM,140.0,75.0,18.0,4.0,4700000000.0
22559330,15/05/2024,4.0,4.0,Liên Khu 1-6, Phường Bình Trị Đông, Quận Bình Tân, TPHCM,160.0,50.0,10.0,5.0,5900000000.0
22559339,15/05/2024,4.0,5.0,Mã Lò, Phường Bình Trị Đông A, Quận Bình Tân, TPHCM,180.0,60.0,15.0,4.0,5100000000.0
22558785,15/05/2024,5.0,5.0,Đường số 1, Phường Bình Hưng Hòa B, Quận Bình Tân, TPHCM,300.0,4.0,18.0,4.0,5400000000.0
22557959,14/05/2024,4.0,3.0,Bình Long, Phường Bình Hưng Hòa, Quận Bình Tân, TPHCM,200.0,100.0,25.0,4.0,5950000000.0
22557155,13/05/2024,4.0,4.0,Đường số 8, Phường Bình Hưng Hòa B, Quận Bình Tân, TPHCM,300.0,72.0,18.0,4.0,4800000000.0
22557241,13/05/2024,4.0,4.0,Liên khu 5-6, Phường Bình Hưng Hòa B, Quận Bình Tân, TPHCM,250.0,70.0,15.0,4.5,5250000000.0
22556275,11/05/2024,2.0,2.0,Lê Văn Quới, Phường Bình Trị Đông A, Quận Bình Tân, TPHCM,50.0,25.0,6.0,4.0,2400000000.0
22555641,10/05/2024,5.0,6.0,Mã Lò, Phường Bình Hưng Hòa A, Quận Bình Tân, TPHCM,300.0,80.0,16.0,5.0,6700000000.0
22555607,10/05/2024,4.0,4.0,Bình Long, Phường Bình Hưng Hòa, Quận Bình Tân, TPHCM,200.0,75.0,15.0,5.0,5700000000.0
22554792,09/05/2024,4.0,5.0,Lê Trọng Tấn, Phường Bình Hưng Hòa, Quận Bình Tân, TPHCM,220.0,75.0,15.0,5.0,6300000000.0
22483112,07/05/2024,4.0,5.0,Lê Văn Quới, Phường Bình Trị Đông A, Quận Bình Tân, TPHCM,280.0,72.0,9.0,8.0,7200000000.0
22483129,07/05/2024,5.0,6.0,Lê Văn Quới, Phường Bình Trị Đông A, Quận Bình Tân, TPHCM,250.0,60.0,15.0,4.0,6500000000.0
22544702,07/05/2024,5.0,5.0,Đường số 5, Phường An Lạc A, Quận Bình Tân, TPHCM,401.0,160.0,18.0,8.0,27000000000.0
22553129,07/05/2024,2.0,2.0,Tân Kỳ Tân Quý, Phường Bình Hưng Hòa, Quận Bình Tân, TPHCM,100.0,60.0,10.0,6.0,4500000000.0
22553186,07/05/2024,3.0,2.0,Nguyễn Thị Tú, Phường Bình Hưng Hòa B, Quận Bình Tân, TPHCM,150.0,56.0,13.0,4.5,4020000000.0
22462443,07/04/2024,1.0,1.0,Hương Lộ 2, Phường Bình Trị Đông A, Quận Bình Tân, TPHCM,471.0,471.0,34.0,14.0,20000000000.0
22520118,31/03/2024,5.0,6.0,Đường số 14, Phường An Lạc A, Quận Bình Tân, TPHCM,165.0,165.0,21.5,8.0,33000000000.0
22476751,29/03/2024,4.0,5.0,Mã Lò, Phường Bình Hưng Hòa A, Quận Bình Tân, TPHCM,,72.0,16.0,4.5,6100000000.0
22516514,28/03/2024,4.0,3.0,Liên khu 4-5, Phường Bình Hưng Hòa B, Quận Bình Tân, TPHCM,86.0,87.0,8.0,4.0,2230000000.0
22462450,21/03/2024,1.0,1.0,Hương Lộ 2, Phường Bình Trị Đông A, Quận Bình Tân, TPHCM,471.0,471.0,34.0,14.0,20000000000.0
22480659,15/03/2024,5.0,6.0,Tên Lửa, Phường Bình Trị Đông B, Quận Bình Tân, TPHCM,,120.0,12.0,10.0,12900000000.0
22482112,15/03/2024,5.0,7.0,Trần Văn Giàu, Phường Tân Tạo A, Quận Bình Tân, TPHCM,,135.0,12.0,14.0,11700000000.0
22381632,22/02/2024,6.0,7.0,Đường số 34, Phường Bình Trị Đông B, Quận Bình Tân, TPHCM,500.0,185.0,18.0,11.0,19500000000.0
22390258,22/02/2024,6.0,7.0,Vành Đai Trong, Phường Bình Trị Đông B, Quận Bình Tân, TPHCM,550.0,200.0,20.0,10.0,30000000000.0
21930842,14/02/2024,5.0,6.0,Nguyễn Quý Yêm, Phường An Lạc, Quận Bình Tân, TPHCM,,90.0,15.0,6.0,8700000000.0
22469376,01/02/2024,4.0,5.0,Đường số 6, Phường Bình Trị Đông B, Quận Bình Tân, TPHCM,130.0,130.0,13.0,10.0,12900000000.0
22459599,31/01/2024,4.0,5.0,Tên Lửa, Phường Bình Trị Đông B, Quận Bình Tân, TPHCM,200.0,200.0,20.0,10.0,35000000000.0
22462370,16/01/2024,3.0,3.0,Phan Đăng Giảng, Phường Bình Hưng Hòa, Quận Bình Tân, TPHCM,150.0,80.0,20.0,3.0,5150000000.0
22462406,16/01/2024,3.0,2.0,Tây Lân, Phường Bình Trị Đông A, Quận Bình Tân, TPHCM,190.0,56.0,14.0,4.0,5800000000.0
22446659,16/01/2024,6.0,7.0,Liên Khu 4-5, Phường Bình Hưng Hòa B, Quận Bình Tân, TPHCM,400.0,124.0,15.5,8.0,10000000000.0
22446710,16/01/2024,3.0,4.0,Liên Khu 4-5, Phường Bình Hưng Hòa B, Quận Bình Tân, TPHCM,200.0,56.0,14.0,4.0,4000000000.0
22442993,16/01/2024,4.0,5.0,Hương Lộ 2, Phường Bình Trị Đông A, Quận Bình Tân, TPHCM,207.0,54.0,13.5,4.0,6500000000.0
22458764,16/01/2024,4.0,3.0,Hương Lộ 2, Phường Bình Trị Đông, Quận Bình Tân, TPHCM,150.0,52.0,13.0,4.0,5500000000.0
22447579,16/01/2024,8.0,8.0,Đường số 18, Phường Bình Trị Đông B, Quận Bình Tân, TPHCM,480.0,168.0,21.0,8.0,24500000000.0
22467814,16/01/2024,6.0,6.0,Chiến Lược, Phường Bình Trị Đông, Quận Bình Tân, TPHCM,420.0,171.0,19.0,9.0,14000000000.0
22447601,16/01/2024,6.0,6.0,Đường số 17A, Phường Bình Trị Đông B, Quận Bình Tân, TPHCM,400.0,140.0,20.0,7.0,16500000000.0
22448254,22/12/2023,3.0,4.0,Hồ Văn Long, Phường Bình Hưng Hòa B, Quận Bình Tân, TPHCM,95.0,24.0,6.0,4.0,2700000000.0
22406661,06/12/2023,4.0,4.0,Đường số 6, Phường Bình Trị Đông B, Quận Bình Tân, TPHCM,,120.0,12.0,10.0,13200000000.0
22406641,06/12/2023,4.0,4.0,Bình Long, Phường Bình Hưng Hòa A, Quận Bình Tân, TPHCM,,500.0,45.0,9.5,40000000000.0
22392366,06/12/2023,3.0,4.0,Đường 49, Phường Tân Tạo, Quận Bình Tân, TPHCM,,240.0,20.0,15.0,28000000000.0
22406722,06/12/2023,4.0,4.0,Đường số 22, Phường Bình Trị Đông B, Quận Bình Tân, TPHCM,,180.0,18.0,10.0,24000000000.0
22392485,06/12/2023,4.0,4.0,Đường 1B, Phường Bình Trị Đông B, Quận Bình Tân, TPHCM,,160.0,20.0,8.0,28000000000.0
22387062,24/11/2023,4.0,3.0,Hồ Văn Long, Phường Bình Hưng Hòa B, Quận Bình Tân, TPHCM,52.0,55.0,9.5,5.5,2680000000.0
22410080,21/11/2023,6.0,7.0,Mã Lò, Phường Bình Hưng Hòa A, Quận Bình Tân, TPHCM,,59.6,13.58,4.0,7200000000.0
22404885,17/11/2023,4.0,3.0,68 Liên Khu 4-5, Phường Bình Hưng Hòa A, Quận Bình Tân, TPHCM,240.0,60.0,15.0,4.0,5000000000.0
22063435,10/11/2023,2.0,3.0,Mã Lò, Phường Bình Hưng Hòa A, Quận Bình Tân, TPHCM,84.0,24.0,8.0,3.0,1500000000.0
22389452,04/11/2023,,,85/112/22 Bình Thành, Phường Bình Hưng Hòa B, Quận Bình Tân, TPHCM,59.3,59.3,14.0,4.0,4550000000.0
22388515,03/11/2023,8.0,10.0,Tên Lửa, Phường Bình Trị Đông B, Quận Bình Tân, TPHCM,168.0,168.0,23.0,8.0,24500000000.0
22380609,26/10/2023,6.0,7.0,Đường số 19, Phường Bình Trị Đông B, Quận Bình Tân, TPHCM,270.0,270.0,27.0,10.0,28600000000.0
22360622,24/10/2023,3.0,3.0,Tân Hòa Đông, Phường Bình Trị Đông, Quận Bình Tân, TPHCM,168.0,56.0,14.0,4.0,2100000000.0
22371148,18/10/2023,4.0,5.0,An Dương Vương, Phường An Lạc, Quận Bình Tân, TPHCM,339.0,64.0,16.0,4.0,13700000000.0
22360614,17/10/2023,4.0,5.0,Đường số 32, Phường Bình Trị Đông B, Quận Bình Tân, TPHCM,250.0,250.0,25.0,10.0,28000000000.0
22339797,17/10/2023,4.0,5.0,Đường số 13, Phường Bình Trị Đông B, Quận Bình Tân, TPHCM,100.0,100.0,20.0,5.0,12700000000.0
22293244,14/10/2023,4.0,5.0,Gò Xoài, Phường Bình Hưng Hòa A, Quận Bình Tân, TPHCM,221.0,60.0,12.0,5.0,5750000000.0
22324712,02/10/2023,4.0,4.0,Liên khu 5-6, Phường Bình Hưng Hòa B, Quận Bình Tân, TPHCM,,52.0,13.0,4.0,2500000000.0
22324763,02/10/2023,8.0,8.0,Bình Long, Phường Bình Hưng Hòa A, Quận Bình Tân, TPHCM,,278.0,35.0,8.0,43500000000.0
22293241,18/09/2023,4.0,5.0,Gò Xoài, Phường Bình Hưng Hòa A, Quận Bình Tân, TPHCM,221.0,60.0,12.0,5.0,5800000000.0
22301079,07/09/2023,6.0,7.0,Đường số 49, Phường Tân Tạo, Quận Bình Tân, TPHCM,400.0,400.0,20.0,20.0,30000000000.0
22306694,23/08/2023,9.0,9.0,Đường số 28, Phường Bình Trị Đông B, Quận Bình Tân, TPHCM,400.0,190.0,19.0,10.0,28000000000.0
22291660,21/08/2023,7.0,7.0,Đường số 57C, Phường Tân Tạo, Quận Bình Tân, TPHCM,500.0,125.0,25.0,5.0,12500000000.0
22309797,19/08/2023,5.0,5.0,Bình Trị Đông, Phường Bình Trị Đông A, Quận Bình Tân, TPHCM,52.0,52.0,13.0,4.0,5500000000.0
22307202,17/08/2023,5.0,5.0,Đất Mới, Phường Bình Trị Đông A, Quận Bình Tân, TPHCM,52.0,52.0,13.0,4.0,5499000000.0
22278790,05/08/2023,5.0,6.0,Hương Lộ 2, Phường Bình Trị Đông A, Quận Bình Tân, TPHCM,315.0,63.0,12.5,5.0,6500000000.0
22278891,05/08/2023,5.0,6.0,Hương Lộ 2, Phường Bình Trị Đông A, Quận Bình Tân, TPHCM,,63.0,12.5,5.0,6500000000.0
22165184,27/07/2023,5.0,6.0,Bình Thành, Phường Bình Hưng Hòa B, Quận Bình Tân, TPHCM,,380.0,19.0,20.0,29990000000.0
22157529,27/07/2023,4.0,5.0,Đường số 1, Phường Bình Trị Đông B, Quận Bình Tân, TPHCM,,250.0,25.0,10.0,27990000000.0
21479125,12/07/2023,6.0,7.0,Đường số 5C, Phường Bình Hưng Hòa B, Quận Bình Tân, TPHCM,400.0,400.0,20.0,20.0,30000000000.0
22211350,10/07/2023,4.0,4.0,An Dương Vương, Phường An Lạc, Quận Bình Tân, TPHCM,500.0,80.0,20.0,4.0,13900000000.0
22219594,09/07/2023,4.0,3.0,Đường số 8, Phường Bình Hưng Hòa B, Quận Bình Tân, TPHCM,144.0,36.0,9.0,4.0,2600000000.0
22156175,07/07/2023,5.0,7.0,An Dương Vương, Phường An Lạc, Quận Bình Tân, TPHCM,415.0,66.0,16.0,4.0,9500000000.0
22235701,06/07/2023,4.0,4.0,An Dương Vương, Phường An Lạc, Quận Bình Tân, TPHCM,270.0,64.0,16.0,4.0,10300000000.0
22233695,05/07/2023,4.0,4.0,An Dương Vương, Phường An Lạc, Quận Bình Tân, TPHCM,290.0,64.0,16.0,4.0,12900000000.0
22231706,04/07/2023,4.0,4.0,An Dương Vương, Phường An Lạc, Quận Bình Tân, TPHCM,290.0,64.0,16.0,4.0,10900000000.0
22227099,01/07/2023,4.0,4.0,An Dương Vương, Phường An Lạc, Quận Bình Tân, TPHCM,290.0,64.0,16.0,4.0,11200000000.0
22224752,30/06/2023,4.0,4.0,Đường số 15, Phường Bình Hưng Hòa, Quận Bình Tân, TPHCM,,100.0,13.3,7.5,9000000000.0
22225107,30/06/2023,4.0,4.0,An Dương Vương, Phường An Lạc, Quận Bình Tân, TPHCM,270.0,64.0,16.0,4.0,11200000000.0
22218021,25/06/2023,4.0,4.0,Đường số 18B, Phường Bình Hưng Hòa A, Quận Bình Tân, TPHCM,76.0,76.0,19.0,4.0,5980000000.0
22204639,16/06/2023,4.0,5.0,An Dương Vương, Phường An Lạc, Quận Bình Tân, TPHCM,274.0,64.0,16.0,4.0,12000000000.0
22202456,15/06/2023,4.0,5.0,An Dương Vương, Phường An Lạc, Quận Bình Tân, TPHCM,272.0,64.0,16.0,4.0,12000000000.0
22164134,14/06/2023,5.0,3.0,Lê Văn Quới, Phường Bình Hưng Hòa A, Quận Bình Tân, TPHCM,,97.0,21.0,4.0,4999000000.0
22173104,14/06/2023,4.0,5.0,Đường số 10, Phường Bình Trị Đông B, Quận Bình Tân, TPHCM,1000.0,250.0,25.0,10.0,29000000000.0
22199675,13/06/2023,4.0,5.0,An Dương Vương, Phường An Lạc, Quận Bình Tân, TPHCM,273.0,64.0,15.0,4.0,12000000000.0
22042155,02/06/2023,4.0,5.0,Đường số 11, Phường Bình Trị Đông B, Quận Bình Tân, TPHCM,600.0,250.0,25.0,10.0,30000000000.0
22101430,02/06/2023,6.0,5.0,Đường số 34, Phường Bình Trị Đông B, Quận Bình Tân, TPHCM,450.0,183.0,17.0,10.75,19500000000.0
22152544,11/05/2023,5.0,5.0,Mã Lò, Phường Bình Trị Đông A, Quận Bình Tân, TPHCM,66.0,66.0,16.5,4.0,7400000000.0
22018697,04/05/2023,2.0,2.0,Lê Cơ, Phường An Lạc, Quận Bình Tân, TPHCM,128.0,64.0,16.0,4.0,5990000000.0
22084578,04/05/2023,5.0,5.0,Tây Lân, Phường Bình Trị Đông A, Quận Bình Tân, TPHCM,80.0,80.0,20.0,4.0,6800000000.0
22084561,04/05/2023,2.0,2.0,Lê Văn Quới, Phường Bình Hưng Hòa A, Quận Bình Tân, TPHCM,236.0,236.0,23.0,12.0,16500000000.0
21807536,30/04/2023,4.0,6.0,Ấp Chiến Lược, Phường Bình Hưng Hòa A, Quận Bình Tân, TPHCM,230.0,230.0,28.0,8.0,31000000000.0
21987111,17/04/2023,4.0,6.0,Hương Lộ 2, Phường Bình Trị Đông A, Quận Bình Tân, TPHCM,200.0,210.0,30.0,7.0,14800000000.0
22061454,13/04/2023,5.0,6.0,An Dương Vương, Phường An Lạc, Quận Bình Tân, TPHCM,125.0,125.0,14.0,9.0,12900000000.0
21751897,07/04/2023,4.0,6.0,Ấp Chiến Lược, Phường Bình Hưng Hòa A, Quận Bình Tân, TPHCM,230.0,230.0,28.0,8.0,31000000000.0
22037166,06/04/2023,4.0,4.0,Đường số 19B, Phường Bình Trị Đông B, Quận Bình Tân, TPHCM,,170.0,17.0,10.0,18000000000.0
22033565,06/04/2023,5.0,5.0,Đường số 1B, Phường Bình Trị Đông B, Quận Bình Tân, TPHCM,,250.0,25.0,10.0,30000000000.0
22033546,06/04/2023,4.0,4.0,Đường số 18, Phường Bình Trị Đông B, Quận Bình Tân, TPHCM,,160.0,20.0,8.0,19800000000.0
22031798,06/04/2023,6.0,4.0,Đường số 28, Phường Bình Trị Đông B, Quận Bình Tân, TPHCM,,190.0,19.0,10.0,25000000000.0
22031712,06/04/2023,1.0,1.0,Đường số 5, Phường Bình Trị Đông B, Quận Bình Tân, TPHCM,,660.0,22.0,30.0,92000000000.0
22031692,06/04/2023,1.0,1.0,Vành Đai Trong, Phường Bình Trị Đông B, Quận Bình Tân, TPHCM,,200.0,25.0,8.0,32000000000.0
21652801,03/04/2023,4.0,4.0,Đường số 19, Phường Bình Trị Đông B, Quận Bình Tân, TPHCM,,200.0,19.0,10.0,26000000000.0
21637702,03/04/2023,4.0,3.0,Tên Lửa, Phường Bình Trị Đông B, Quận Bình Tân, TPHCM,1080.0,440.0,22.0,20.0,45000000000.0
21708544,03/04/2023,3.0,3.0,Vành Đai Trong, Phường Bình Trị Đông B, Quận Bình Tân, TPHCM,,160.0,20.0,8.0,19000000000.0
21609040,03/04/2023,4.0,4.0,Vành Đai Trong, Phường Bình Trị Đông B, Quận Bình Tân, TPHCM,,200.0,25.0,8.0,20000000000.0
21594941,03/04/2023,4.0,5.0,Đường số 7, Phường Bình Trị Đông B, Quận Bình Tân, TPHCM,190.0,190.0,19.0,10.0,19000000000.0
22090374,31/03/2023,2.0,2.0,Tên Lửa, Phường Bình Trị Đông B, Quận Bình Tân, TPHCM,100.0,50.0,10.0,5.0,2345000000.0
22057252,27/03/2023,5.0,4.0,Đường số 11A, Phường Bình Trị Đông B, Quận Bình Tân, TPHCM,362.94,203.0,24.5,6.0,30300000000.0
22081215,26/03/2023,12.0,10.0,Lê Cơ, Phường An Lạc, Quận Bình Tân, TPHCM,456.0,270.0,20.0,13.5,38000000000.0
22025236,23/03/2023,4.0,5.0,Liên khu 4-5, Phường Bình Hưng Hòa B, Quận Bình Tân, TPHCM,250.0,50.0,13.0,4.0,4770000000.0
22012918,06/03/2023,5.0,6.0,Lê Văn Quới, Phường Bình Hưng Hòa A, Quận Bình Tân, TPHCM,95.0,95.0,18.5,5.0,10300000000.0
22022926,06/03/2023,6.0,5.0,Phan Anh, Phường Bình Trị Đông, Quận Bình Tân, TPHCM,260.0,260.0,22.0,12.0,18000000000.0
22006946,13/02/2023,4.0,3.0,Đường số 4C, Phường Bình Hưng Hòa A, Quận Bình Tân, TPHCM,200.0,54.0,13.5,4.0,6950000000.0
22006481,13/02/2023,5.0,6.0,Hương Lộ 2, Phường Bình Trị Đông, Quận Bình Tân, TPHCM,250.0,60.0,15.0,4.0,7100000000.0
21718087,05/01/2023,4.0,3.0,Đường số 25, Phường Bình Trị Đông B, Quận Bình Tân, TPHCM,240.0,80.0,20.0,4.0,10200000000.0
21718133,05/01/2023,4.0,3.0,Tên Lửa, Phường Bình Trị Đông B, Quận Bình Tân, TPHCM,240.0,80.0,20.0,4.0,10200000000.0
21845526,04/01/2023,4.0,5.0,Nguyễn Triệu Luật, Phường Tân Tạo, Quận Bình Tân, TPHCM,,250.0,20.0,4.0,7000000000.0
21954403,25/12/2022,5.0,4.0,Tân Kỳ Tân Quý, Phường Bình Hưng Hòa, Quận Bình Tân, TPHCM,52.0,52.0,13.0,4.0,5850000000.0
21919225,20/12/2022,6.0,7.0,Kinh Dương Vương, Phường An Lạc, Quận Bình Tân, TPHCM,400.0,275.0,16.0,9.0,24750000000.0
21914472,05/12/2022,5.0,5.0,Đường số 11A, Phường Bình Trị Đông B, Quận Bình Tân, TPHCM,,204.0,24.5,6.0,31000000000.0
21828267,05/12/2022,4.0,4.0,Đường số 19, Phường Bình Trị Đông B, Quận Bình Tân, TPHCM,,190.0,19.0,10.0,26000000000.0
21782259,03/12/2022,4.0,4.0,Hương Lộ 2, Phường Bình Trị Đông, Quận Bình Tân, TPHCM,,48.0,12.0,4.0,5000000000.0
21711416,03/12/2022,4.0,5.0,Mã Lò, Phường Bình Trị Đông A, Quận Bình Tân, TPHCM,,94.0,13.0,7.0,6500000000.0
21687546,02/12/2022,3.0,4.0,Đường số 7, Phường Bình Hưng Hòa, Quận Bình Tân, TPHCM,,58.0,13.0,5.0,5000000000.0
21679876,02/12/2022,3.0,4.0,Kinh Dương Vương, Phường An Lạc, Quận Bình Tân, TPHCM,48.0,48.0,12.0,4.0,5000000000.0
21712988,02/12/2022,5.0,6.0,Nguyễn Quý Yêm, Phường An Lạc, Quận Bình Tân, TPHCM,384.0,96.0,16.0,6.0,8500000000.0
21831344,02/12/2022,5.0,6.0,Đường số 18B, Phường Bình Hưng Hòa A, Quận Bình Tân, TPHCM,250.0,50.0,10.0,5.0,6100000000.0
21831404,02/12/2022,4.0,5.0,Tân Hòa Đông, Phường Bình Trị Đông, Quận Bình Tân, TPHCM,60.0,84.0,21.0,4.0,7800000000.0
21934944,21/11/2022,5.0,6.0,Trần Đại Nghĩa, Phường Tân Tạo A, Quận Bình Tân, TPHCM,300.0,100.0,20.0,5.0,8200000000.0
21917588,09/11/2022,5.0,4.0,Đường số 11A, Phường Bình Trị Đông B, Quận Bình Tân, TPHCM,203.0,262.0,24.5,6.0,30300000000.0
21915008,07/11/2022,4.0,3.0,Đường số 26, Phường Bình Trị Đông B, Quận Bình Tân, TPHCM,100.0,160.0,20.0,8.0,16500000000.0
21721344,06/11/2022,4.0,5.0,Đường số 27, Phường Bình Trị Đông B, Quận Bình Tân, TPHCM,80.0,80.0,20.0,4.0,10190000000.0
21884580,02/11/2022,4.0,5.0,Đường số 1, Phường Bình Trị Đông B, Quận Bình Tân, TPHCM,100.0,100.0,20.0,5.0,22000000000.0
21863363,02/11/2022,8.0,8.0,Đường số 13C, Phường Bình Trị Đông B, Quận Bình Tân, TPHCM,270.0,270.0,27.0,10.0,39900000000.0
21498835,02/11/2022,4.0,5.0,Lê Trọng Tấn, Phường Bình Hưng Hòa, Quận Bình Tân, TPHCM,240.0,60.0,15.0,4.0,5500000000.0
21535529,02/11/2022,4.0,5.0,Lê Trọng Tấn, Phường Bình Hưng Hòa, Quận Bình Tân, TPHCM,242.0,64.0,16.0,4.0,6350000000.0
21671039,19/10/2022,5.0,5.0,Tên Lửa, Phường Bình Trị Đông B, Quận Bình Tân, TPHCM,,80.0,20.0,4.0,10100000000.0
21671007,19/10/2022,5.0,5.0,Tên Lửa, Phường Bình Trị Đông B, Quận Bình Tân, TPHCM,,80.0,20.0,4.0,10280000000.0
21669593,19/10/2022,4.0,5.0,Khu Y Tế Kỹ Thuật Cao, Phường An Lạc A, Quận Bình Tân, TPHCM,,80.0,20.0,4.0,12000000000.0
21852387,18/10/2022,6.0,6.0,Hương Lộ 2, Phường Bình Trị Đông, Quận Bình Tân, TPHCM,340.0,68.0,14.0,5.0,7900000000.0
21669742,17/10/2022,5.0,5.0,Đường Sinco, Phường An Lạc A, Quận Bình Tân, TPHCM,180.0,200.0,20.0,10.0,20200000000.0
21827918,17/10/2022,8.0,8.0,Đường số 25, Phường Bình Trị Đông B, Quận Bình Tân, TPHCM,,160.0,20.0,8.0,20400000000.0
21861782,17/10/2022,4.0,5.0,Đường số 27, Phường Bình Trị Đông B, Quận Bình Tân, TPHCM,80.0,80.0,20.0,4.0,10150000000.0
21669661,11/10/2022,5.0,5.0,Tên Lửa, Phường Bình Trị Đông B, Quận Bình Tân, TPHCM,250.0,150.0,15.0,10.0,12850000000.0
21669707,11/10/2022,5.0,5.0,Hàn Dương, Phường An Lạc A, Quận Bình Tân, TPHCM,230.0,130.0,13.0,10.0,11700000000.0
21833057,10/10/2022,4.0,4.0,Đường số 22, Phường Bình Trị Đông B, Quận Bình Tân, TPHCM,,200.0,20.0,10.0,27000000000.0
21678706,10/10/2022,4.0,4.0,Đường số 2, Phường Bình Trị Đông B, Quận Bình Tân, TPHCM,,100.0,10.0,10.0,10500000000.0
21804006,10/10/2022,4.0,4.0,Lê Văn Quới, Phường Bình Hưng Hòa A, Quận Bình Tân, TPHCM,,90.0,18.0,5.0,10300000000.0
21774830,08/10/2022,5.0,5.0,Quốc Lộ 1A, Phường Bình Hưng Hòa B, Quận Bình Tân, TPHCM,500.0,240.0,24.0,10.0,12800000000.0
21667194,06/10/2022,4.0,5.0,Đường Sinco, Phường Bình Trị Đông B, Quận Bình Tân, TPHCM,230.0,90.0,20.0,4.5,10300000000.0
21662105,06/10/2022,5.0,5.0,Kinh Dương Vương, Phường Bình Trị Đông B, Quận Bình Tân, TPHCM,220.0,80.0,20.0,4.0,12600000000.0
21660976,06/10/2022,4.0,5.0,Khu Y Tế Kỹ Thuật Cao, Phường An Lạc A, Quận Bình Tân, TPHCM,,100.0,20.0,5.0,10400000000.0
21633750,28/09/2022,4.0,4.0,Đường số 57A, Phường Tân Tạo, Quận Bình Tân, TPHCM,,200.0,20.0,10.0,17500000000.0
21646206,28/09/2022,4.0,4.0,Đường số 19, Phường Bình Trị Đông B, Quận Bình Tân, TPHCM,,190.0,19.0,10.0,28000000000.0
21578173,28/09/2022,6.0,4.0,Đường số 24B, Phường Bình Trị Đông B, Quận Bình Tân, TPHCM,,220.0,22.0,10.0,38000000000.0
21715107,28/09/2022,5.0,4.0,Đường số 18, Phường Bình Trị Đông B, Quận Bình Tân, TPHCM,,160.0,20.0,8.0,19200000000.0
21646899,28/09/2022,4.0,4.0,Đường số 19, Phường Bình Trị Đông B, Quận Bình Tân, TPHCM,,200.0,20.0,10.0,42000000000.0
21801988,28/09/2022,3.0,3.0,Đường số 2, Phường Bình Trị Đông B, Quận Bình Tân, TPHCM,90.0,90.0,10.0,10.0,10100000000.0
21584358,28/09/2022,3.0,3.0,Đường số 18, Phường Bình Trị Đông B, Quận Bình Tân, TPHCM,,160.0,20.0,8.0,18500000000.0
21671833,28/09/2022,5.0,4.0,Đường số 10, Phường Bình Trị Đông B, Quận Bình Tân, TPHCM,,400.0,20.0,20.0,42000000000.0
21664767,28/09/2022,4.0,4.0,Dương Bá Cung, Phường An Lạc A, Quận Bình Tân, TPHCM,,74.0,18.0,5.2,9500000000.0
21821316,26/09/2022,5.0,5.0,Lê Văn Quới, Phường Bình Hưng Hòa A, Quận Bình Tân, TPHCM,,63.0,15.0,4.2,5990000000.0
21799126,12/09/2022,6.0,6.0,Đường 26 Tháng 3, Phường Bình Hưng Hòa, Quận Bình Tân, TPHCM,,120.0,16.0,10.0,10500000000.0
21818849,11/09/2022,5.0,6.0,Gò Xoài, Phường Bình Hưng Hòa A, Quận Bình Tân, TPHCM,,65.0,14.0,4.7,6800000000.0
21799447,10/09/2022,6.0,6.0,Lê Trọng Tấn, Phường Bình Hưng Hòa, Quận Bình Tân, TPHCM,,115.0,23.0,5.0,5700000000.0
21781994,06/09/2022,4.0,5.0,Đường số 4, Phường Bình Trị Đông B, Quận Bình Tân, TPHCM,350.0,115.0,14.0,8.0,10000000000.0
21784183,23/08/2022,5.0,5.0,Đường số 18B, Phường Bình Hưng Hòa A, Quận Bình Tân, TPHCM,228.0,57.0,14.0,4.1,6500000000.0
21793595,23/08/2022,4.0,5.0,An Dương Vương, Phường An Lạc, Quận Bình Tân, TPHCM,240.0,52.0,11.5,4.5,5800000000.0
21737461,16/08/2022,5.0,4.0,Tên Lửa, Phường Bình Trị Đông B, Quận Bình Tân, TPHCM,180.0,95.0,19.0,5.0,14200000000.0
21671307,16/08/2022,4.0,5.0,Quận Bình Tân Đường số 36, Phường Bình Trị Đông B, Quận Bình Tân, TPHCM,280.0,120.0,12.0,10.0,14500000000.0
21522552,16/08/2022,4.0,5.0,Đường số 1, Phường An Lạc A, Quận Bình Tân, TPHCM,,132.0,16.5,8.0,10500000000.0
21452692,15/08/2022,5.0,6.0,Tên Lửa, Phường Bình Trị Đông B, Quận Bình Tân, TPHCM,,125.0,15.5,8.0,11850000000.0
21758218,03/08/2022,4.0,5.0,An Dương Vương, Phường An Lạc, Quận Bình Tân, TPHCM,210.0,51.0,11.2,4.5,7800000000.0
21706267,30/07/2022,5.0,5.0,Đường số 11, Phường Bình Hưng Hòa, Quận Bình Tân, TPHCM,,84.0,12.0,7.0,7950000000.0
21725748,30/07/2022,4.0,3.0,Lê Văn Quới, Phường Bình Trị Đông A, Quận Bình Tân, TPHCM,78.0,78.0,16.0,5.0,7900000000.0
21636685,27/07/2022,6.0,6.0,Trương Phước Phan, Phường Bình Trị Đông, Quận Bình Tân, TPHCM,637.0,637.0,32.0,20.0,24500000000.0
21652749,27/07/2022,5.0,5.0,Đường số 3, Phường Bình Hưng Hòa A, Quận Bình Tân, TPHCM,82.0,82.0,20.0,4.0,5000000000.0
21738689,21/07/2022,4.0,5.0,109 An Dương Vương, Phường An Lạc, Quận Bình Tân, TPHCM,50.0,50.0,11.2,4.5,7800000000.0
21717514,14/07/2022,4.0,5.0,Mã Lò, Phường Bình Hưng Hòa A, Quận Bình Tân, TPHCM,,60.0,8.5,7.0,5550000000.0
21720968,13/07/2022,4.0,4.0,Đường số 27, Phường Bình Trị Đông B, Quận Bình Tân, TPHCM,320.0,80.0,20.0,4.0,10200000000.0
21658373,12/07/2022,4.0,5.0,Ấp Chiến Lược, Phường Bình Hưng Hòa A, Quận Bình Tân, TPHCM,400.0,230.0,29.0,8.0,35000000000.0
21653318,12/07/2022,27.0,27.0,Phạm Đăng Giảng, Phường Bình Hưng Hòa, Quận Bình Tân, TPHCM,570.0,285.0,26.0,14.0,14100000000.0
21643386,12/06/2022,4.0,4.0,Bến Lội, Phường Bình Trị Đông A, Quận Bình Tân, TPHCM,,51.0,9.0,6.1,6300000000.0
21668059,11/06/2022,4.0,5.0,Tên Lửa, Phường Bình Trị Đông B, Quận Bình Tân, TPHCM,409.0,117.0,12.0,10.0,14500000000.0
21639367,08/06/2022,,3.0,Đường số 13A, Phường Bình Hưng Hòa, Quận Bình Tân, TPHCM,78.0,87.1,19.5,4.0,8000000000.0
21651981,31/05/2022,4.0,5.0,An Dương Vương, Phường An Lạc, Quận Bình Tân, TPHCM,211.0,54.0,12.0,4.5,7780000000.0
21655195,31/05/2022,4.0,5.0,An Dương Vương, Phường An Lạc, Quận Bình Tân, TPHCM,211.0,52.0,12.0,4.5,4900000000.0
21622406,21/05/2022,4.0,4.0,135 Đường số 32, Phường Bình Trị Đông B, Quận Bình Tân, TPHCM,350.0,100.0,20.0,5.0,16500000000.0
21617676,21/05/2022,4.0,4.0,An Dương Vương, Phường An Lạc, Quận Bình Tân, TPHCM,250.0,60.0,12.0,5.0,7800000000.0
21123779,21/05/2022,10.0,10.0,Liên khu 16-18, Phường Bình Trị Đông, Quận Bình Tân, TPHCM,1247.0,464.0,30.0,20.0,30000000000.0
21598259,09/05/2022,5.0,5.0,Tên Lửa, Phường An Lạc, Quận Bình Tân, TPHCM,223.0,123.0,13.0,9.43,12900000000.0
21453838,08/05/2022,6.0,6.0,Nguyễn Hới, Phường An Lạc, Quận Bình Tân, TPHCM,500.0,275.0,25.0,10.0,32500000000.0
21547275,08/05/2022,5.0,5.0,Đường số 19B, Phường Bình Trị Đông B, Quận Bình Tân, TPHCM,190.0,190.0,19.0,10.0,19568000000.0
21607770,07/05/2022,3.0,3.0,Đường số 18B, Phường Bình Hưng Hòa A, Quận Bình Tân, TPHCM,,60.0,15.0,4.0,5600000000.0
21577780,07/05/2022,3.0,4.0,Tân Kỳ Tân Quý, Phường Bình Hưng Hòa, Quận Bình Tân, TPHCM,,50.0,15.0,4.0,4600000000.0
21582356,07/05/2022,5.0,6.0,Mã Lò, Phường Bình Hưng Hòa A, Quận Bình Tân, TPHCM,,70.0,18.0,4.0,6600000000.0
21582420,07/05/2022,4.0,5.0,Đường số 7, Phường Bình Hưng Hòa, Quận Bình Tân, TPHCM,,60.0,13.0,5.0,5600000000.0
21586430,07/05/2022,5.0,4.0,Đường số 18B, Phường Bình Hưng Hòa A, Quận Bình Tân, TPHCM,72.0,72.0,18.0,4.0,6600000000.0
21587016,07/05/2022,4.0,5.0,Đường số 18B, Phường Bình Hưng Hòa A, Quận Bình Tân, TPHCM,60.0,60.0,15.0,4.0,5800000000.0
21591312,07/05/2022,2.0,2.0,Tân Kỳ Tân Quý, Phường Bình Hưng Hòa, Quận Bình Tân, TPHCM,60.0,60.0,12.0,5.0,4950000000.0
21599736,06/05/2022,4.0,5.0,Phan Đăng Giảng, Phường Bình Hưng Hòa, Quận Bình Tân, TPHCM,74.0,74.0,18.5,4.0,6000000000.0
21607347,02/05/2022,4.0,4.0,An Dương Vương, Phường An Lạc, Quận Bình Tân, TPHCM,200.0,121.0,17.0,6.0,10000000000.0
21610421,29/04/2022,5.0,5.0,An Dương Vương, Phường An Lạc, Quận Bình Tân, TPHCM,210.0,54.0,12.0,4.5,7890000000.0
21494519,28/04/2022,6.0,7.0,Liên khu 4-5, Phường Bình Hưng Hòa B, Quận Bình Tân, TPHCM,,42.0,12.0,3.5,2960000000.0
21482718,28/04/2022,4.0,4.0,Liên khu 4-5, Phường Bình Hưng Hòa B, Quận Bình Tân, TPHCM,,50.0,10.0,5.0,4430000000.0
21552269,28/04/2022,2.0,2.0,Tên Lửa, Phường An Lạc, Quận Bình Tân, TPHCM,100.0,100.0,20.0,5.0,1600000000.0
21605858,26/04/2022,5.0,5.0,An Dương Vương, Phường An Lạc, Quận Bình Tân, TPHCM,212.0,55.0,12.2,4.5,7890000000.0
21575502,25/04/2022,6.0,4.0,Đường số 7, Phường Tân Tạo, Quận Bình Tân, TPHCM,,128.0,16.0,8.0,19900000000.0
21597497,20/04/2022,5.0,5.0,A1 Kinh Dương Vương, Phường An Lạc, Quận Bình Tân, TPHCM,,123.0,13.0,10.0,12700000000.0
21569064,17/04/2022,5.0,5.0,Lê Trọng Tấn, Phường Bình Hưng Hòa, Quận Bình Tân, TPHCM,200.0,50.0,15.0,4.0,4650000000.0
21592837,17/04/2022,1.0,1.0,Lê Trọng Tấn, Phường Bình Hưng Hòa, Quận Bình Tân, TPHCM,500.0,500.0,35.5,14.0,390000000.0
21590489,15/04/2022,4.0,5.0,An Dương Vương, Phường An Lạc, Quận Bình Tân, TPHCM,209.0,50.0,12.0,4.0,4500000000.0
21465428,01/04/2022,5.0,6.0,Đường số 55A, Phường Bình Hưng Hòa, Quận Bình Tân, TPHCM,,340.0,8.0,10.0,13500000000.0
21547461,01/04/2022,5.0,6.0,Đường số 5, Phường Bình Hưng Hòa, Quận Bình Tân, TPHCM,,130.0,10.0,13.0,13000000000.0
21520345,17/03/2022,4.0,4.0,Đường số 13C, Phường Bình Trị Đông B, Quận Bình Tân, TPHCM,,270.0,27.0,10.0,25000000000.0
21520401,17/03/2022,4.0,4.0,Đường số 13, Phường Bình Trị Đông B, Quận Bình Tân, TPHCM,,160.0,20.0,8.0,18000000000.0
21520412,17/03/2022,1.0,1.0,Đường số 13, Phường Bình Trị Đông B, Quận Bình Tân, TPHCM,,200.0,20.0,10.0,17500000000.0
21520422,17/03/2022,4.0,4.0,Đường số 7A, Phường Bình Trị Đông B, Quận Bình Tân, TPHCM,,200.0,20.0,10.0,23000000000.0
21522311,17/03/2022,4.0,4.0,Đường số 28, Phường Bình Trị Đông B, Quận Bình Tân, TPHCM,,200.0,20.0,10.0,25000000000.0
21536970,07/03/2022,4.0,4.0,Bình Trị Đông, Phường Bình Trị Đông, Quận Bình Tân, TPHCM,80.0,80.0,40.0,20.0,6000000000.0
21523842,25/02/2022,5.0,5.0,Đường số 19A, Phường Bình Trị Đông B, Quận Bình Tân, TPHCM,190.0,200.0,19.0,10.0,19500000000.0
21320445,12/02/2022,6.0,4.0,An Dương Vương, Phường An Lạc, Quận Bình Tân, TPHCM,180.0,130.0,21.5,6.0,7900000000.0
21326013,06/02/2022,6.0,5.0,Đường số 7, Phường Bình Trị Đông B, Quận Bình Tân, TPHCM,226.0,123.0,22.0,6.0,18500000000.0
21326017,06/02/2022,5.0,5.0,Đường số 7, Phường Bình Trị Đông B, Quận Bình Tân, TPHCM,226.0,123.0,22.0,6.0,18500000000.0
21480733,05/02/2022,4.0,4.0,Võ Văn Kiệt, Phường An Lạc, Quận Bình Tân, TPHCM,179.0,121.0,21.5,6.0,7400000000.0
21492214,23/01/2022,4.0,5.0,Kinh Dương Vương, Phường An Lạc, Quận Bình Tân, TPHCM,220.0,60.0,14.0,4.0,7600000000.0
21493338,21/01/2022,4.0,5.0,Kinh Dương Vương, Phường An Lạc, Quận Bình Tân, TPHCM,220.0,60.0,14.0,4.0,7600000000.0
21475560,20/01/2022,3.0,3.0,Đường số 15, Phường Bình Trị Đông B, Quận Bình Tân, TPHCM,,166.0,20.0,8.3,16600000000.0
21448793,20/01/2022,5.0,4.0,Đường số 19B, Phường Bình Trị Đông B, Quận Bình Tân, TPHCM,,170.0,17.0,10.0,18000000000.0
21495090,20/01/2022,4.0,5.0,Đường số 28, Phường Bình Trị Đông B, Quận Bình Tân, TPHCM,,200.0,20.0,10.0,25000000000.0
21492162,18/01/2022,5.0,5.0,Đường Sinco, Phường An Lạc A, Quận Bình Tân, TPHCM,269.0,122.7,13.0,9.0,11500000000.0
21443842,12/01/2022,10.0,10.0,Kênh Nước Đen, Phường Bình Hưng Hòa A, Quận Bình Tân, TPHCM,,170.0,20.0,8.5,28000000000.0
21419667,04/01/2022,4.0,4.0,Đường số 19E, Phường Bình Trị Đông B, Quận Bình Tân, TPHCM,,200.0,20.0,10.0,21500000000.0
21471429,04/01/2022,4.0,4.0,Đường số 19B, Phường Bình Trị Đông B, Quận Bình Tân, TPHCM,,170.0,17.0,10.0,18000000000.0
21471387,04/01/2022,5.0,5.0,Đường số 3A, Phường Bình Trị Đông B, Quận Bình Tân, TPHCM,,440.0,22.0,20.0,60000000000.0
21495220,31/12/2021,5.0,4.0,Tên Lửa, Phường An Lạc, Quận Bình Tân, TPHCM,220.0,66.0,16.5,4.0,7200000000.0
21489779,26/12/2021,5.0,6.0,Đường số 50B, Phường Tân Tạo, Quận Bình Tân, TPHCM,188.0,188.0,20.0,20.0,47000000000.0
21458714,25/12/2021,5.0,4.0,Đất Mới, Phường Bình Trị Đông A, Quận Bình Tân, TPHCM,,90.0,18.0,6.5,9000000000.0
21454542,21/12/2021,5.0,7.0,Đường số 36, Phường Tân Tạo, Quận Bình Tân, TPHCM,,125.0,15.6,8.2,11800000000.0
21454417,21/12/2021,5.0,6.0,Tỉnh Lộ 10, Phường Tân Tạo, Quận Bình Tân, TPHCM,,125.0,16.0,8.0,11900000000.0
21476874,12/12/2021,10.0,5.0,Đường Sinco, Phường An Lạc, Quận Bình Tân, TPHCM,200.0,50.0,10.0,5.0,2600000000.0
21446724,10/12/2021,4.0,5.0,Liên khu 4-5, Phường Bình Hưng Hòa B, Quận Bình Tân, TPHCM,,50.0,9.0,6.0,4550000000.0
21468231,06/12/2021,6.0,6.0,Đường số 4B, Phường Bình Hưng Hòa B, Quận Bình Tân, TPHCM,,107.0,18.0,8.0,9800000000.0
21427893,03/12/2021,6.0,6.0,Đường số 12, Phường Bình Hưng Hòa, Quận Bình Tân, TPHCM,,132.0,14.8,8.9,16000000000.0
21308224,24/11/2021,6.0,6.0,Tên Lửa, Phường Bình Trị Đông B, Quận Bình Tân, TPHCM,528.0,132.0,22.0,6.0,18500000000.0
21419678,15/11/2021,4.0,4.0,Đường số 30, Phường Bình Trị Đông B, Quận Bình Tân, TPHCM,,200.0,20.0,10.0,22500000000.0
21418964,19/10/2021,4.0,4.0,Phan Anh, Phường Bình Trị Đông, Quận Bình Tân, TPHCM,,90.0,15.0,6.0,5900000000.0
21195420,29/09/2021,8.0,4.0,Đường số 19A, Phường Bình Trị Đông B, Quận Bình Tân, TPHCM,,195.0,19.5,10.0,17000000000.0
15847991,29/09/2021,4.0,4.0,Đường số 3A, Phường Bình Trị Đông B, Quận Bình Tân, TP.HCM,,200.0,0.0,0.0,16000000000.0
20984644,29/09/2021,5.0,4.0,Đường số 19B, Phường Bình Trị Đông B, Quận Bình Tân, TPHCM,190.0,190.0,19.0,10.0,19500000000.0
21251432,29/09/2021,8.0,4.0,Đường số 13C, Phường Bình Trị Đông B, Quận Bình Tân, TPHCM,,160.0,20.0,8.0,16500000000.0
21398349,29/09/2021,6.0,3.0,Đường số 7A, Phường Bình Trị Đông B, Quận Bình Tân, TPHCM,,232.0,19.0,8.0,22000000000.0
21398346,29/09/2021,6.0,3.0,Đường số 4, Phường An Lạc A, Quận Bình Tân, TPHCM,,232.0,29.0,8.0,21000000000.0
21398345,29/09/2021,6.0,3.0,Đường số 5, Phường Bình Trị Đông B, Quận Bình Tân, TPHCM,,160.0,20.0,8.0,22500000000.0
21398344,29/09/2021,5.0,3.0,Đường số 26, Phường Bình Trị Đông B, Quận Bình Tân, TPHCM,,160.0,20.0,8.0,15700000000.0
21398343,29/09/2021,5.0,3.0,Đường số 13, Phường Bình Trị Đông B, Quận Bình Tân, TPHCM,,160.0,20.0,8.0,16500000000.0
21398459,29/09/2021,6.0,3.0,Đường số 3A, Phường Bình Trị Đông B, Quận Bình Tân, TPHCM,,440.0,22.0,20.0,56000000000.0
21400891,28/09/2021,6.0,3.0,Đường số 24A, Phường Bình Trị Đông B, Quận Bình Tân, TPHCM,,90.0,20.0,4.5,13200000000.0
21274210,28/09/2021,6.0,2.0,Đường số 26, Phường Bình Trị Đông B, Quận Bình Tân, TPHCM,,160.0,20.0,8.0,15700000000.0
21274207,28/09/2021,8.0,4.0,Đường số 32, Phường Bình Trị Đông B, Quận Bình Tân, TPHCM,,200.0,20.0,10.0,22500000000.0
20779552,28/09/2021,5.0,3.0,Đường số 19, Phường Bình Trị Đông B, Quận Bình Tân, TPHCM,190.0,190.0,19.0,10.0,24999000000.0
21271387,28/09/2021,8.0,4.0,đường số 19D, Phường Bình Trị Đông B, Quận Bình Tân, TPHCM,,200.0,20.0,10.0,21000000000.0
21276000,28/09/2021,6.0,3.0,Đường số 4, Phường An Lạc A, Quận Bình Tân, TPHCM,,46.8,13.0,3.6,5600000000.0
20839219,28/09/2021,5.0,3.0,Đường số 19B, Phường Bình Trị Đông B, Quận Bình Tân, TPHCM,190.0,190.0,19.0,10.0,20000000000.0
21401849,28/09/2021,6.0,3.0,Đường số 57A, Phường Tân Tạo, Quận Bình Tân, TPHCM,,200.0,20.0,10.0,17200000000.0
21085319,28/09/2021,5.0,3.0,Đường số 34A, Phường Bình Trị Đông B, Quận Bình Tân, TPHCM,,294.0,21.0,14.0,24000000000.0
21050541,28/09/2021,6.0,4.0,Đường số 5, Phường Bình Trị Đông B, Quận Bình Tân, TPHCM,,441.0,21.0,21.0,75000000000.0
21316976,28/09/2021,8.0,4.0,Đường số 57A, Phường Tân Tạo, Quận Bình Tân, TPHCM,,240.0,24.0,10.0,15600000000.0
20765390,28/09/2021,5.0,3.0,Đường số 19A, Phường Bình Trị Đông B, Quận Bình Tân, TPHCM,190.0,190.0,19.0,10.0,19500000000.0
21223643,28/09/2021,8.0,3.0,Đường số 20, Phường Bình Trị Đông B, Quận Bình Tân, TPHCM,,640.0,20.0,32.0,69000000000.0
20765386,28/09/2021,6.0,3.0,Đường số 19B, Phường Bình Trị Đông B, Quận Bình Tân, TPHCM,190.0,190.0,19.0,10.0,21000000000.0
20510197,28/09/2021,4.0,4.0,Đường số 5, Phường Bình Trị Đông B, Quận Bình Tân, TP.HCM,,200.0,20.0,10.0,20500000000.0
21390195,28/09/2021,6.0,3.0,Đường số 30, Phường Bình Trị Đông B, Quận Bình Tân, TPHCM,,200.0,20.0,10.0,22800000000.0
21250883,28/09/2021,8.0,4.0,Đường số 19B, Phường Bình Trị Đông B, Quận Bình Tân, TPHCM,,190.0,19.0,10.0,35000000000.0
20289058,28/09/2021,5.0,5.0,Đường số 30, Phường Bình Trị Đông B, Quận Bình Tân, TP.HCM,,200.0,0.0,0.0,25000000000.0
20169936,28/09/2021,5.0,5.0,Đường số 32B, , Quận Bình Tân, TP.HCM,,200.0,0.0,0.0,16300000000.0
20895855,28/09/2021,5.0,3.0,Đường số 22, Phường Bình Trị Đông B, Quận Bình Tân, TPHCM,,190.0,19.0,10.0,25000000000.0
21204652,28/09/2021,8.0,4.0,Đường số 32A, Phường Bình Trị Đông B, Quận Bình Tân, TPHCM,,200.0,20.0,10.0,19000000000.0
21156991,28/09/2021,7.0,4.0,Đường số 7A, Phường Bình Trị Đông B, Quận Bình Tân, TPHCM,,200.0,20.0,10.0,28000000000.0
21390455,28/09/2021,6.0,3.0,Đường số 32A, Phường Bình Trị Đông B, Quận Bình Tân, TPHCM,,200.0,20.0,10.0,25000000000.0
21365452,28/09/2021,6.0,3.0,Đường số 7A, Phường Bình Trị Đông B, Quận Bình Tân, TPHCM,,220.0,22.0,10.0,28000000000.0
21365447,28/09/2021,6.0,3.0,Đường số 7B, Phường Bình Trị Đông B, Quận Bình Tân, TPHCM,,200.0,20.0,10.0,22500000000.0
21250722,28/09/2021,8.0,4.0,Đường số 7, Phường Bình Trị Đông B, Quận Bình Tân, TPHCM,,200.0,20.0,10.0,18000000000.0
20167400,28/09/2021,4.0,4.0,Đường số 11A, Phường Bình Trị Đông B, Quận Bình Tân, TP.HCM,,160.0,0.0,0.0,12000000000.0
21155238,28/09/2021,6.0,3.0,Đường số 24A, Phường Bình Trị Đông B, Quận Bình Tân, TPHCM,,180.0,20.0,8.0,15500000000.0
21394680,28/09/2021,24.0,18.0,Tên Lửa, Phường Bình Trị Đông B, Quận Bình Tân, TPHCM,,1554.0,28.0,55.5,112000000000.0
21089607,28/09/2021,6.0,3.0,Đường số 5, Phường Bình Trị Đông B, Quận Bình Tân, TPHCM,,160.0,20.0,8.0,16800000000.0
21347466,28/09/2021,8.0,4.0,Đường số 32, Phường Bình Trị Đông B, Quận Bình Tân, TPHCM,,200.0,20.0,10.0,30000000000.0
21341444,28/09/2021,,,Đường số 19B, Phường Bình Trị Đông B, Quận Bình Tân, TPHCM,,190.0,190.0,10.0,18200000000.0
21341442,28/09/2021,8.0,4.0,Đường số 19B, Phường Bình Trị Đông B, Quận Bình Tân, TPHCM,,190.0,19.0,10.0,35000000000.0
21034432,28/09/2021,6.0,4.0,Đường số 3A, Phường Bình Trị Đông B, Quận Bình Tân, TPHCM,,225.0,22.5,10.0,24800000000.0
21247789,28/09/2021,8.0,4.0,Đường số 7, Phường Bình Trị Đông B, Quận Bình Tân, TPHCM,,208.0,16.0,13.0,16000000000.0
21339249,28/09/2021,10.0,6.0,Đường số 19, Phường Bình Trị Đông B, Quận Bình Tân, TPHCM,,180.0,20.0,9.0,46000000000.0
21232070,28/09/2021,6.0,2.0,Tên Lửa, Phường Bình Trị Đông B, Quận Bình Tân, TPHCM,,320.0,20.0,16.0,33000000000.0
20816589,28/09/2021,5.0,3.0,Đường số 5, Phường Bình Trị Đông B, Quận Bình Tân, TPHCM,160.0,160.0,20.0,8.0,17500000000.0
21110463,28/09/2021,6.0,3.0,Đường số 19A, Phường Bình Trị Đông B, Quận Bình Tân, TPHCM,,190.0,19.0,10.0,19000000000.0
20882094,28/09/2021,5.0,3.0,Đường số 16, Phường Bình Trị Đông B, Quận Bình Tân, TPHCM,,200.0,25.0,8.0,14500000000.0
20874002,28/09/2021,5.0,3.0,Đường số 32, Phường Bình Trị Đông B, Quận Bình Tân, TPHCM,200.0,200.0,20.0,10.0,19000000000.0
20486019,28/09/2021,6.0,6.0,Đường số 22, Phường Bình Trị Đông B, Quận Bình Tân, TP.HCM,,200.0,20.0,10.0,25000000000.0
21358145,28/09/2021,6.0,3.0,Đường số 19E, Phường Bình Trị Đông B, Quận Bình Tân, TPHCM,,200.0,20.0,10.0,21000000000.0
2386300,28/09/2021,4.0,4.0,Đường số 5, Phường Bình Trị Đông B, Quận Bình Tân, TP.HCM,,320.0,0.0,0.0,17000000000.0
21221903,28/09/2021,8.0,3.0,Đường số 32A, Phường Bình Trị Đông B, Quận Bình Tân, TPHCM,,200.0,20.0,10.0,18500000000.0
21214875,28/09/2021,17.0,17.0,Đường số 3A, Phường Bình Trị Đông B, Quận Bình Tân, TPHCM,,225.0,22.5,10.0,23500000000.0
21097255,28/09/2021,5.0,3.0,Đường số 3, Phường Bình Trị Đông B, Quận Bình Tân, TPHCM,,240.0,20.0,12.0,25000000000.0
21309017,28/09/2021,10.0,5.0,Vành Đai Trong, Phường Bình Trị Đông B, Quận Bình Tân, TPHCM,,300.0,25.0,12.0,57000000000.0
21233344,28/09/2021,6.0,4.0,Đường số 19E, Phường Bình Trị Đông B, Quận Bình Tân, TPHCM,,200.0,20.0,10.0,21000000000.0
21050551,28/09/2021,5.0,3.0,Đường số 3A, Phường Bình Trị Đông B, Quận Bình Tân, TPHCM,,440.0,22.0,20.0,58500000000.0
21028875,28/09/2021,8.0,6.0,Đường số 30, Phường Bình Trị Đông B, Quận Bình Tân, TPHCM,,200.0,20.0,10.0,23500000000.0
21034449,28/09/2021,6.0,4.0,Đường số 5, Phường Bình Trị Đông B, Quận Bình Tân, TPHCM,,200.0,20.0,10.0,23500000000.0
21033432,28/09/2021,6.0,4.0,Đường số 24, Phường Bình Trị Đông B, Quận Bình Tân, TPHCM,,180.0,18.0,10.0,22000000000.0
21124129,28/09/2021,7.0,3.0,Đường số 32A, Phường Bình Trị Đông B, Quận Bình Tân, TPHCM,,200.0,20.0,10.0,23500000000.0
21018702,28/09/2021,5.0,3.0,Đường số 19A, Phường Bình Trị Đông B, Quận Bình Tân, TPHCM,,170.0,17.0,10.0,16300000000.0
20984637,28/09/2021,5.0,3.0,Đường số 19A, Phường Bình Trị Đông B, Quận Bình Tân, TPHCM,190.0,190.0,19.0,10.0,19500000000.0
20373118,28/09/2021,4.0,4.0,Đường số 26, Phường Bình Trị Đông B, Quận Bình Tân, TP.HCM,,160.0,0.0,0.0,15000000000.0
21317094,28/09/2021,8.0,3.0,Đường số 1C, Phường An Lạc A, Quận Bình Tân, TPHCM,,72.0,18.0,4.0,8000000000.0
21392120,28/09/2021,6.0,3.0,Đường số 32A, Phường Bình Trị Đông B, Quận Bình Tân, TPHCM,,200.0,20.0,10.0,25000000000.0
21392102,28/09/2021,6.0,3.0,Tên Lửa, Phường Bình Trị Đông B, Quận Bình Tân, TPHCM,,270.0,27.0,10.0,28000000000.0
21392062,28/09/2021,6.0,3.0,Đường số 26, Phường Bình Trị Đông B, Quận Bình Tân, TPHCM,,160.0,20.0,8.0,15700000000.0
21028909,28/09/2021,5.0,3.0,Đường số 19A, Phường Bình Trị Đông B, Quận Bình Tân, TPHCM,,170.0,17.0,10.0,17000000000.0
21221686,28/09/2021,15.0,15.0,Đường số 4A, Phường Bình Trị Đông B, Quận Bình Tân, TPHCM,,239.0,29.0,8.0,21000000000.0
21008559,28/09/2021,6.0,5.0,Đường số 19B, Phường Bình Trị Đông B, Quận Bình Tân, TPHCM,,170.0,17.0,10.0,20000000000.0
20773242,28/09/2021,5.0,3.0,Đường số 30, Phường Bình Trị Đông B, Quận Bình Tân, TPHCM,200.0,200.0,20.0,10.0,25000000000.0
21154262,28/09/2021,7.0,3.0,Đường số 19, Phường Bình Trị Đông B, Quận Bình Tân, TPHCM,,180.0,10.0,18.0,30000000.0
21404237,28/09/2021,6.0,3.0,Đường số 30, Phường Bình Trị Đông B, Quận Bình Tân, TPHCM,,200.0,20.0,10.0,22800000000.0
21370493,17/07/2021,4.0,5.0,Lê Trọng Tấn, Phường Bình Hưng Hòa, Quận Bình Tân, TPHCM,,55.0,13.0,4.2,5400000000.0
21355239,16/07/2021,5.0,3.0,Hương lộ 80, Phường Bình Hưng Hòa B, Quận Bình Tân, TPHCM,720.0,240.0,16.0,15.0,17000000000.0
21241950,15/07/2021,5.0,5.0,Đường số 3, Phường Bình Hưng Hòa B, Quận Bình Tân, TPHCM,200.0,60.0,10.0,6.0,4480000000.0
21363377,15/07/2021,4.0,4.0,Đường số 4, Phường Bình Trị Đông B, Quận Bình Tân, TPHCM,273.0,140.0,20.0,7.0,15000000000.0
21367364,15/07/2021,4.0,5.0,Tên Lửa, Phường Bình Trị Đông B, Quận Bình Tân, TPHCM,502.0,126.0,21.0,6.0,13000000000.0
21351925,13/07/2021,4.0,4.0,Đường số 10, Phường Bình Hưng Hòa B, Quận Bình Tân, TPHCM,200.0,72.0,17.0,4.2,4950000000.0
21275435,10/07/2021,4.0,5.0,Hương lộ 80, Phường Bình Hưng Hòa B, Quận Bình Tân, TPHCM,,240.0,16.0,15.0,16300000000.0
21286897,06/07/2021,7.0,7.0,Đường số 57A, Phường Tân Tạo, Quận Bình Tân, TPHCM,700.0,200.0,20.0,10.0,19000000000.0
21232954,06/07/2021,5.0,5.0,Đường số 17A, Phường Bình Trị Đông B, Quận Bình Tân, TPHCM,500.0,140.0,20.0,7.0,16000000000.0
21313441,06/07/2021,26.0,27.0,Đường số 19, Phường Bình Trị Đông B, Quận Bình Tân, TPHCM,1000.0,190.0,19.0,10.0,36000000000.0
21087658,05/07/2021,5.0,5.0,Hương lộ 80, Phường Bình Hưng Hòa B, Quận Bình Tân, TPHCM,500.0,240.0,16.0,15.0,15600000000.0
21236103,05/07/2021,,,Đường số 1A, Phường Bình Hưng Hòa B, Quận Bình Tân, TPHCM,200.0,200.0,20.0,10.0,9500000000.0
21347978,25/06/2021,5.0,6.0,Đường số 5C, Phường Bình Hưng Hòa B, Quận Bình Tân, TPHCM,400.0,400.0,20.0,20.0,34000000000.0
21289653,19/06/2021,5.0,5.0,Đường số 10, Phường Bình Hưng Hòa B, Quận Bình Tân, TPHCM,580.0,380.0,20.0,20.0,34000000000.0
21305358,11/06/2021,4.0,5.0,Đường số 19, Phường Bình Trị Đông B, Quận Bình Tân, TPHCM,550.0,200.0,20.0,10.0,22400000000.0
21298419,10/06/2021,3.0,4.0,Đường số 3, Phường Bình Hưng Hòa, Quận Bình Tân, TPHCM,48.0,48.0,12.0,4.0,3700000000.0
21306162,06/06/2021,5.0,5.0,Đường số 19, Phường Bình Trị Đông B, Quận Bình Tân, TPHCM,360.0,220.0,22.0,10.0,30000000000.0
21321438,01/06/2021,4.0,4.0,Liên khu 4-5, Phường Bình Hưng Hòa B, Quận Bình Tân, TPHCM,,58.0,13.0,4.5,2180000000.0
21299474,01/06/2021,4.0,4.0,Tân Hòa Đông, Phường Bình Trị Đông, Quận Bình Tân, TPHCM,36.0,36.0,9.0,4.0,2380000000.0
21281532,01/06/2021,2.0,2.0,Lê Trọng Tấn, Phường Bình Hưng Hòa, Quận Bình Tân, TPHCM,40.0,40.0,14.0,3.0,2400000000.0
21278251,01/06/2021,2.0,2.0,Bình Thành, Phường Bình Hưng Hòa B, Quận Bình Tân, TPHCM,,50.0,6.0,4.0,1100000000.0
21276973,01/06/2021,2.0,2.0,Liên khu 5-6, Phường Bình Hưng Hòa B, Quận Bình Tân, TPHCM,,36.0,9.0,4.0,1600000000.0
21138248,31/05/2021,3.0,3.0,Đường Sinco, Phường Bình Trị Đông B, Quận Bình Tân, TPHCM,90.0,32.0,8.0,4.0,1580000000.0
21146217,31/05/2021,3.0,3.0,Đường số 7, Phường Bình Trị Đông B, Quận Bình Tân, TPHCM,73.0,36.0,9.0,4.0,1580000000.0
21258864,30/05/2021,2.0,1.0,Đường số 32B, Phường Bình Trị Đông B, Quận Bình Tân, TPHCM,,140.0,20.0,7.0,5250000000.0
20994681,30/05/2021,4.0,4.0,Đường số 42, Phường Tân Tạo, Quận Bình Tân, TPHCM,,140.0,14.0,10.0,6370000000.0
21248188,28/04/2021,5.0,6.0,Đường số 19E, Phường Bình Trị Đông B, Quận Bình Tân, TPHCM,,200.0,20.0,10.0,21000000000.0
21248217,28/04/2021,5.0,6.0,đường số 19D, Phường Bình Trị Đông B, Quận Bình Tân, TPHCM,,200.0,20.0,10.0,21000000000.0
21248237,28/04/2021,5.0,6.0,Đường số 24, Phường Bình Trị Đông B, Quận Bình Tân, TPHCM,,90.0,20.0,4.5,10000000000.0
21246909,28/04/2021,5.0,5.0,Đường số 18, Phường Bình Trị Đông B, Quận Bình Tân, TPHCM,,160.0,20.0,8.0,16000000000.0
21246869,28/04/2021,4.0,4.0,Đường số 49B, Phường Tân Tạo, Quận Bình Tân, TPHCM,,200.0,20.0,10.0,14900000000.0
21276384,28/04/2021,6.0,6.0,Đường số 19A, Phường Bình Trị Đông B, Quận Bình Tân, TPHCM,,200.0,20.0,10.0,19500000000.0
21252606,22/04/2021,4.0,4.0,Liên khu 4-5, Phường Bình Hưng Hòa B, Quận Bình Tân, TPHCM,200.0,57.0,10.0,5.7,4480000000.0
21260547,08/04/2021,2.0,2.0,Liên khu 4-5, Phường Bình Hưng Hòa B, Quận Bình Tân, TPHCM,90.0,30.0,9.0,3.5,1600000000.0
21172462,01/02/2021,4.0,5.0,Đường số 17A, Phường Bình Trị Đông B, Quận Bình Tân, TPHCM,,140.0,20.0,7.0,16000000000.0
21153304,01/02/2021,4.0,5.0,Đường số 7, Phường Bình Trị Đông B, Quận Bình Tân, TPHCM,,210.0,21.0,10.0,19000000000.0
21124395,19/01/2021,5.0,3.0,Đường số 7, Phường Tân Tạo, Quận Bình Tân, TPHCM,200.0,200.0,20.0,10.0,6409000000.0
21152701,19/01/2021,2.0,2.0,Nguyễn Cửu Phú, Phường Tân Tạo A, Quận Bình Tân, TPHCM,59.0,63.0,10.0,6.0,1700000000.0
21178525,18/01/2021,5.0,5.0,Đường số 4B, Phường Bình Hưng Hòa B, Quận Bình Tân, TPHCM,108.0,108.0,15.0,8.0,11000000000.0
21062426,08/01/2021,4.0,5.0,An Dương Vương, Phường An Lạc, Quận Bình Tân, TPHCM,,72.0,12.0,6.0,7790000000.0
